elapsed_seconds,distance_miles,pace_per_mile,heartrate,altitude_ft
0,0.0,,96,14.4
1,0.0,,124,14.4
2,0.0,11:39,124,14.4
3,0.01,11:39,124,14.4
4,0.01,11:39,124,14.4
5,0.01,14:34,123,14.4
6,0.01,19:26,122,14.4
7,0.01,29:09,122,14.4
8,0.01,58:18,122,14.4
9,0.01,,122,14.4
10,0.01,,121,14.4
11,0.01,,121,14.4
12,0.01,,120,14.4
13,0.01,,119,14.4
14,0.01,,119,14.4
15,0.01,,119,14.4
16,0.01,,119,14.4
17,0.01,,119,14.4
18,0.01,,121,14.4
19,0.01,,122,14.4
20,0.01,,123,15.1
21,0.01,,123,15.1
22,0.01,46:14,124,15.1
23,0.01,23:31,126,15.7
24,0.01,15:35,127,15.7
25,0.01,11:45,128,15.7
26,0.02,9:26,128,15.7
27,0.02,9:30,131,15.7
28,0.02,9:26,131,15.7
29,0.02,9:30,132,15.7
30,0.02,9:30,133,15.7
31,0.02,9:30,133,15.7
32,0.03,9:30,133,15.7
33,0.03,9:34,133,15.7
34,0.03,9:34,133,15.7
35,0.03,9:34,135,15.7
36,0.03,9:38,135,15.7
37,0.03,9:38,136,15.7
38,0.04,9:43,136,15.7
39,0.04,9:43,137,15.7
40,0.04,9:47,137,15.7
41,0.04,9:43,137,15.7
42,0.04,9:43,137,16.4
43,0.05,9:38,137,16.4
44,0.05,9:38,137,17.1
45,0.05,9:34,137,17.1
46,0.05,9:30,137,17.1
47,0.05,9:30,137,17.7
48,0.05,9:30,137,17.7
49,0.06,9:30,137,17.7
50,0.06,9:30,138,17.7
51,0.06,9:34,138,17.7
52,0.06,9:30,138,17.7
53,0.06,9:30,138,17.7
54,0.06,9:26,138,17.7
55,0.07,9:26,137,17.7
56,0.07,9:22,136,17.7
57,0.07,9:26,136,17.7
58,0.07,9:22,136,17.7
59,0.07,9:26,135,17.7
60,0.08,9:26,133,17.7
61,0.08,9:26,130,17.7
62,0.08,9:30,130,17.7
63,0.08,9:38,131,17.7
64,0.08,9:43,131,17.7
65,0.08,9:47,131,17.7
66,0.09,9:51,131,17.7
67,0.09,9:51,131,17.7
68,0.09,9:47,130,17.7
69,0.09,9:47,131,17.7
70,0.09,9:43,132,17.7
71,0.09,9:43,135,17.7
72,0.1,9:38,137,17.7
73,0.1,9:43,138,17.7
74,0.1,9:38,139,17.7
75,0.1,9:43,140,17.7
76,0.1,9:47,140,17.7
77,0.1,9:51,141,18.4
78,0.11,9:51,141,18.4
79,0.11,9:51,142,18.4
80,0.11,9:51,142,19.0
81,0.11,9:51,143,19.0
82,0.11,9:51,144,19.0
83,0.11,9:47,144,19.0
84,0.12,10:26,144,19.0
85,0.12,11:05,145,18.4
86,0.12,11:48,145,18.4
87,0.12,12:39,146,18.4
88,0.12,11:10,145,18.4
89,0.12,11:07,145,18.4
90,0.12,13:16,146,18.4
91,0.12,11:48,146,18.4
92,0.13,10:00,146,19.0
93,0.13,12:18,145,19.0
94,0.13,12:18,145,19.7
95,0.13,10:05,146,19.7
96,0.13,10:28,146,19.7
97,0.13,11:27,146,19.7
98,0.14,10:23,145,19.0
99,0.14,9:34,146,19.0
100,0.14,8:45,145,19.0
101,0.14,8:45,144,19.0
102,0.14,9:07,144,19.0
103,0.15,9:26,144,19.0
104,0.15,9:56,145,19.0
105,0.15,10:59,144,19.0
106,0.15,11:10,144,19.0
107,0.15,11:05,144,19.0
108,0.15,10:59,145,19.0
109,0.15,10:59,144,19.0
110,0.16,11:16,145,19.7
111,0.16,11:21,144,19.7
112,0.16,11:39,144,19.7
113,0.16,12:18,143,19.7
114,0.16,13:01,144,19.7
115,0.16,12:53,143,19.7
116,0.16,13:24,142,19.7
117,0.17,11:52,142,19.0
118,0.17,10:59,141,19.0
119,0.17,10:23,141,18.4
120,0.17,10:14,141,18.4
121,0.17,10:05,141,18.4
122,0.17,11:33,143,18.4
123,0.17,13:49,144,18.4
124,0.17,15:14,144,19.0
125,0.18,16:21,144,19.7
126,0.18,16:45,146,19.7
127,0.18,15:46,146,19.7
128,0.18,13:32,148,19.0
129,0.18,12:18,148,19.0
130,0.18,11:58,148,19.0
131,0.18,11:21,149,19.7
132,0.19,11:05,148,19.7
133,0.19,11:16,148,20.3
134,0.19,11:05,147,20.3
135,0.19,11:16,146,20.3
136,0.19,11:45,146,20.3
137,0.19,12:18,145,20.3
138,0.19,12:53,146,20.3
139,0.19,14:34,146,20.3
140,0.2,15:14,146,21.0
141,0.2,17:38,146,21.0
142,0.2,19:26,147,20.3
143,0.2,19:26,146,20.3
144,0.2,18:53,146,20.3
145,0.2,17:52,147,20.3
146,0.2,14:54,146,20.3
147,0.2,13:24,146,20.3
148,0.2,12:53,145,20.3
149,0.21,12:18,146,20.3
150,0.21,11:52,145,20.3
151,0.21,11:58,145,20.3
152,0.21,11:33,145,20.3
153,0.21,10:48,146,21.0
154,0.21,10:14,146,20.3
155,0.22,10:14,146,21.0
156,0.22,9:34,145,21.0
157,0.22,10:05,146,21.0
158,0.22,9:51,146,21.0
159,0.22,10:14,146,21.7
160,0.22,9:56,145,21.7
161,0.22,10:59,145,21.7
162,0.23,11:05,144,21.7
163,0.23,11:45,144,22.3
164,0.23,13:32,144,22.3
165,0.23,14:16,144,22.3
166,0.23,11:33,144,22.3
167,0.23,11:10,144,22.3
168,0.23,11:21,145,22.3
169,0.23,12:04,145,21.7
170,0.24,12:32,145,21.7
171,0.24,16:21,145,21.7
172,0.24,15:35,147,21.0
173,0.24,14:07,146,21.7
174,0.24,10:43,146,21.7
175,0.24,9:56,146,21.7
176,0.25,8:16,146,21.7
177,0.25,6:44,145,21.7
178,0.25,6:14,144,21.7
179,0.26,6:16,144,21.0
180,0.26,5:43,144,21.7
181,0.26,6:07,144,21.7
182,0.26,7:42,144,21.7
183,0.26,9:03,144,21.7
184,0.26,9:47,144,22.3
185,0.26,14:44,144,22.3
186,0.27,17:25,144,22.3
187,0.27,17:52,144,22.3
188,0.27,18:07,144,23.0
189,0.27,17:38,145,23.0
190,0.27,13:01,146,23.0
191,0.27,12:11,147,23.6
192,0.27,11:21,148,23.6
193,0.28,10:33,149,23.6
194,0.28,10:14,149,23.6
195,0.28,10:48,150,24.3
196,0.28,10:43,150,24.3
197,0.28,10:59,149,24.3
198,0.28,11:10,149,24.9
199,0.28,12:04,148,24.9
200,0.29,12:53,149,24.9
201,0.29,13:16,148,24.9
202,0.29,12:46,148,24.9
203,0.29,12:53,149,25.6
204,0.29,11:58,149,25.6
205,0.29,11:16,150,25.6
206,0.29,11:05,150,25.6
207,0.3,11:39,150,25.6
208,0.3,12:32,151,25.6
209,0.3,12:04,151,25.6
210,0.3,11:52,151,25.6
211,0.3,13:41,151,25.6
212,0.3,14:16,151,26.2
213,0.3,13:01,153,26.2
214,0.3,13:41,153,26.2
215,0.31,11:05,153,25.6
216,0.31,9:07,153,25.6
217,0.31,8:16,153,24.9
218,0.31,8:35,154,24.9
219,0.31,8:39,154,24.9
220,0.32,9:34,155,24.9
221,0.32,9:00,155,25.6
222,0.32,9:11,155,25.6
223,0.32,8:45,155,25.6
224,0.32,8:42,156,25.6
225,0.32,9:11,156,25.6
226,0.33,10:05,155,25.6
227,0.33,10:09,155,25.6
228,0.33,10:09,155,25.6
229,0.33,10:18,156,26.2
230,0.33,10:14,156,26.2
231,0.33,10:23,155,26.2
232,0.34,10:18,155,26.9
233,0.34,10:09,155,26.9
234,0.34,10:09,155,26.9
235,0.34,10:14,155,26.9
236,0.34,10:28,156,26.9
237,0.34,10:28,157,26.9
238,0.35,10:23,156,26.9
239,0.35,10:33,156,26.9
240,0.35,10:28,157,26.9
241,0.35,10:18,157,27.6
242,0.35,11:05,157,27.6
243,0.35,11:58,156,27.6
244,0.35,11:45,156,27.6
245,0.36,12:04,156,27.6
246,0.36,13:08,156,27.6
247,0.36,12:39,156,27.6
248,0.36,12:32,156,27.6
249,0.36,11:45,155,27.6
250,0.36,10:59,155,27.6
251,0.36,10:23,156,27.6
252,0.37,9:51,156,27.6
253,0.37,9:47,156,27.6
254,0.37,10:33,155,27.6
255,0.37,10:59,155,27.6
256,0.37,10:59,154,27.6
257,0.37,12:11,155,27.6
258,0.37,12:46,155,27.6
259,0.38,12:04,155,27.6
260,0.38,12:11,156,27.6
261,0.38,12:53,156,26.9
262,0.38,10:09,157,26.9
263,0.38,9:11,157,26.9
264,0.39,8:45,156,27.6
265,0.39,8:01,156,27.6
266,0.39,6:40,156,27.6
267,0.39,6:44,156,27.6
268,0.4,6:48,157,26.9
269,0.4,6:50,157,26.9
270,0.4,7:17,157,26.2
271,0.4,8:42,157,26.2
272,0.4,9:51,158,25.6
273,0.4,10:43,158,25.6
274,0.41,11:33,159,25.6
275,0.41,11:39,159,24.9
276,0.41,11:16,158,24.9
277,0.41,11:16,158,24.3
278,0.41,10:43,157,23.6
279,0.41,10:33,157,23.6
280,0.41,10:54,157,23.0
281,0.42,11:27,157,23.0
282,0.42,13:08,157,23.6
283,0.42,15:14,158,23.6
284,0.42,16:09,157,23.6
285,0.42,16:33,157,23.6
286,0.42,16:45,157,23.6
287,0.42,15:35,158,23.0
288,0.42,15:04,158,22.3
289,0.42,14:44,157,22.3
290,0.42,15:46,157,22.3
291,0.43,16:45,157,21.7
292,0.43,16:33,158,21.7
293,0.43,15:24,158,21.7
294,0.43,15:57,157,21.7
295,0.43,14:54,156,21.0
296,0.43,15:57,156,21.0
297,0.43,18:07,157,21.0
298,0.43,16:45,157,21.0
299,0.43,15:14,157,21.0
300,0.44,14:07,157,21.0
301,0.44,11:39,157,21.0
302,0.44,10:05,156,21.0
303,0.44,10:05,156,21.0
304,0.44,10:09,155,21.0
305,0.44,10:05,154,21.0
306,0.45,10:09,153,21.0
307,0.45,10:09,153,21.0
308,0.45,10:09,153,21.0
309,0.45,10:05,153,21.0
310,0.45,10:05,154,21.0
311,0.45,10:00,155,21.0
312,0.46,9:51,154,21.0
313,0.46,9:56,154,21.0
314,0.46,9:51,154,21.7
315,0.46,9:51,154,21.7
316,0.46,9:51,155,21.7
317,0.46,9:51,153,21.7
318,0.47,9:51,150,21.7
319,0.47,9:51,147,21.7
320,0.47,9:51,146,21.7
321,0.47,9:51,144,22.3
322,0.47,9:51,136,22.3
323,0.47,9:47,136,22.3
324,0.48,9:51,137,22.3
325,0.48,9:47,137,22.3
326,0.48,9:51,137,23.0
327,0.48,9:56,137,23.0
328,0.48,9:43,137,23.0
329,0.49,9:43,138,23.6
330,0.49,9:56,138,23.6
331,0.49,9:47,138,23.6
332,0.49,9:51,139,24.3
333,0.49,10:05,139,24.3
334,0.49,9:51,139,24.3
335,0.5,9:56,139,24.3
336,0.5,9:56,139,24.3
337,0.5,9:51,139,24.3
338,0.5,9:47,140,24.3
339,0.5,10:00,140,24.3
340,0.5,9:34,140,24.3
341,0.51,9:43,140,24.3
342,0.51,9:43,141,24.3
343,0.51,9:38,142,24.3
344,0.51,9:30,142,24.9
345,0.51,9:51,143,24.9
346,0.51,9:43,144,24.9
347,0.52,9:43,145,24.9
348,0.52,9:47,147,24.9
349,0.52,9:56,148,24.9
350,0.52,9:43,149,24.9
351,0.52,9:34,150,25.6
352,0.52,9:43,150,25.6
353,0.53,9:38,150,25.6
354,0.53,9:43,150,25.6
355,0.53,9:47,149,26.2
356,0.53,9:56,149,26.2
357,0.53,12:11,150,26.2
358,0.53,14:07,153,26.2
359,0.53,15:14,152,26.2
360,0.53,14:44,152,26.2
361,0.54,16:21,153,26.2
362,0.54,13:24,152,26.2
363,0.54,13:01,150,26.2
364,0.54,12:53,150,26.2
365,0.54,14:16,150,26.2
366,0.54,14:07,151,26.9
367,0.54,13:16,151,26.9
368,0.54,12:46,150,26.2
369,0.55,12:46,151,26.2
370,0.55,13:01,150,26.2
371,0.55,13:01,150,26.2
372,0.55,13:58,150,26.2
373,0.55,13:58,152,26.2
374,0.55,13:58,151,26.2
375,0.55,13:49,151,26.2
376,0.55,13:32,150,26.2
377,0.56,13:08,150,26.2
378,0.56,13:32,149,26.2
379,0.56,13:49,150,26.2
380,0.56,14:07,150,26.2
381,0.56,14:44,150,26.2
382,0.56,15:04,150,26.2
383,0.56,14:34,150,26.2
384,0.56,13:58,149,26.2
385,0.57,12:46,149,26.9
386,0.57,12:04,150,26.9
387,0.57,11:33,150,26.9
388,0.57,11:10,150,26.9
389,0.57,11:33,149,26.9
390,0.57,12:32,150,26.9
391,0.57,13:58,150,26.9
392,0.57,14:54,149,26.9
393,0.58,16:09,149,26.9
394,0.58,16:21,149,27.6
395,0.58,15:57,149,27.6
396,0.58,14:54,148,27.6
397,0.58,14:34,148,27.6
398,0.58,14:25,148,26.9
399,0.58,13:58,147,26.9
400,0.58,14:25,146,26.9
401,0.58,14:34,147,26.9
402,0.59,14:44,146,26.9
403,0.59,14:16,147,27.6
404,0.59,13:49,147,27.6
405,0.59,12:46,148,27.6
406,0.59,12:32,148,27.6
407,0.59,12:25,149,27.6
408,0.59,12:32,149,26.9
409,0.59,13:16,148,26.9
410,0.6,14:07,148,26.9
411,0.6,13:49,148,26.9
412,0.6,13:41,148,26.9
413,0.6,13:58,148,27.6
414,0.6,13:32,148,27.6
415,0.6,13:32,148,27.6
416,0.6,14:25,148,27.6
417,0.6,14:16,148,28.2
418,0.61,14:07,147,28.2
419,0.61,14:16,148,28.2
420,0.61,13:32,148,28.2
421,0.61,13:16,148,28.2
422,0.61,13:32,149,28.2
423,0.61,13:24,150,28.2
424,0.61,12:53,150,28.2
425,0.61,12:46,149,28.9
426,0.62,12:39,150,28.2
427,0.62,12:25,149,28.2
428,0.62,12:39,149,28.9
429,0.62,12:32,148,28.9
430,0.62,13:32,148,28.9
431,0.62,13:41,147,28.9
432,0.62,13:24,147,28.9
433,0.62,13:41,148,28.9
434,0.63,14:25,147,28.9
435,0.63,13:01,147,28.9
436,0.63,13:08,147,28.9
437,0.63,13:41,148,28.2
438,0.63,12:39,149,28.2
439,0.63,12:18,149,28.9
440,0.63,13:01,150,28.9
441,0.63,12:25,150,28.9
442,0.64,12:11,150,28.9
443,0.64,13:08,150,28.9
444,0.64,13:32,150,28.9
445,0.64,13:24,149,28.9
446,0.64,13:32,150,29.5
447,0.64,13:41,150,29.5
448,0.64,13:32,149,29.5
449,0.64,13:08,150,29.5
450,0.65,12:39,150,29.5
451,0.65,12:39,150,29.5
452,0.65,12:46,150,29.5
453,0.65,12:39,150,29.5
454,0.65,12:53,150,29.5
455,0.65,13:01,150,29.5
456,0.65,12:25,149,29.5
457,0.66,12:18,150,30.2
458,0.66,11:58,150,30.2
459,0.66,11:33,149,29.5
460,0.66,11:45,150,29.5
461,0.66,12:11,151,29.5
462,0.66,12:04,151,29.5
463,0.66,11:58,151,29.5
464,0.67,11:52,150,29.5
465,0.67,11:58,150,29.5
466,0.67,11:58,149,29.5
467,0.67,12:04,148,29.5
468,0.67,11:33,148,29.5
469,0.67,11:27,147,29.5
470,0.67,11:27,146,29.5
471,0.68,11:10,146,29.5
472,0.68,11:21,146,30.2
473,0.68,11:52,146,30.8
474,0.68,11:52,147,30.8
475,0.68,11:45,147,31.5
476,0.68,12:11,147,31.5
477,0.68,11:21,149,31.5
478,0.69,11:10,148,31.5
479,0.69,11:39,149,31.5
480,0.69,11:52,149,31.5
481,0.69,11:52,149,31.5
482,0.69,12:11,150,31.5
483,0.69,12:18,150,31.5
484,0.69,12:32,149,32.2
485,0.69,12:46,149,32.2
486,0.7,12:53,151,32.2
487,0.7,13:32,150,32.2
488,0.7,14:16,150,32.2
489,0.7,13:58,151,32.2
490,0.7,13:16,151,32.2
491,0.7,12:32,150,32.2
492,0.7,11:33,150,31.5
493,0.71,11:21,150,31.5
494,0.71,11:21,151,30.8
495,0.71,11:21,152,30.8
496,0.71,11:33,151,30.2
497,0.71,11:21,151,29.5
498,0.71,11:10,151,29.5
499,0.71,11:33,151,28.9
500,0.72,12:11,152,28.9
501,0.72,13:16,153,28.9
502,0.72,15:24,152,28.9
503,0.72,17:25,153,28.9
504,0.72,17:25,153,28.9
505,0.72,17:11,154,28.9
506,0.72,15:46,155,28.9
507,0.72,14:54,155,28.2
508,0.72,13:58,155,28.2
509,0.73,13:16,154,28.2
510,0.73,12:32,154,28.2
511,0.73,12:32,154,28.2
512,0.73,12:46,154,28.2
513,0.73,12:53,154,28.2
514,0.73,13:24,153,28.2
515,0.73,14:07,153,27.6
516,0.73,14:16,152,27.6
517,0.73,14:25,152,27.6
518,0.74,13:24,152,27.6
519,0.74,12:53,151,27.6
520,0.74,13:32,151,27.6
521,0.74,13:32,150,27.6
522,0.74,13:08,150,27.6
523,0.74,13:49,150,28.2
524,0.74,14:16,150,28.2
525,0.74,13:49,150,28.2
526,0.75,14:34,150,28.2
527,0.75,14:44,150,28.2
528,0.75,15:35,151,28.2
529,0.75,15:24,150,28.2
530,0.75,15:35,151,28.2
531,0.75,15:14,150,28.2
532,0.75,14:34,150,28.9
533,0.75,13:16,151,28.9
534,0.76,13:01,152,28.9
535,0.76,12:32,151,28.9
536,0.76,12:18,152,28.9
537,0.76,12:53,152,28.9
538,0.76,13:01,152,28.2
539,0.76,12:53,153,28.2
540,0.76,13:08,153,28.2
541,0.76,12:32,153,28.2
542,0.77,12:25,153,28.2
543,0.77,13:24,153,28.2
544,0.77,13:49,154,28.2
545,0.77,13:49,153,28.9
546,0.77,14:54,153,28.9
547,0.77,13:58,153,28.2
548,0.77,12:53,153,28.2
549,0.77,12:11,153,28.2
550,0.78,11:39,154,28.2
551,0.78,11:33,154,28.2
552,0.78,12:25,154,28.2
553,0.78,12:32,153,28.9
554,0.78,13:32,153,28.2
555,0.78,13:24,153,28.2
556,0.78,13:24,152,28.2
557,0.78,13:08,151,28.2
558,0.79,13:08,151,28.2
559,0.79,12:53,150,28.2
560,0.79,13:41,149,28.2
561,0.79,14:16,148,28.2
562,0.79,14:54,148,27.6
563,0.79,15:35,149,27.6
564,0.79,15:35,149,27.6
565,0.79,15:57,149,27.6
566,0.8,14:34,149,26.9
567,0.8,13:32,149,26.9
568,0.8,13:32,149,26.9
569,0.8,13:41,150,26.9
570,0.8,13:01,150,26.9
571,0.8,14:25,151,26.2
572,0.8,14:44,151,26.9
573,0.8,15:24,151,26.2
574,0.8,16:21,151,26.2
575,0.81,15:35,150,26.2
576,0.81,14:25,151,26.2
577,0.81,14:44,151,26.2
578,0.81,13:58,151,26.2
579,0.81,12:53,151,26.2
580,0.81,13:24,151,26.2
581,0.81,13:16,150,26.2
582,0.81,13:08,149,26.2
583,0.82,13:24,149,26.2
584,0.82,14:07,149,26.2
585,0.82,14:34,149,26.2
586,0.82,15:24,149,26.2
587,0.82,15:35,149,26.2
588,0.82,15:35,150,26.2
589,0.82,15:04,151,26.2
590,0.82,15:14,151,26.2
591,0.82,14:44,150,26.2
592,0.83,14:16,150,26.2
593,0.83,13:58,150,26.2
594,0.83,14:07,152,26.2
595,0.83,13:24,152,25.6
596,0.83,13:24,153,25.6
597,0.83,13:08,152,25.6
598,0.83,12:32,152,25.6
599,0.83,12:11,153,25.6
600,0.84,12:25,153,24.9
601,0.84,11:58,153,24.9
602,0.84,11:58,153,24.9
603,0.84,12:25,153,24.9
604,0.84,12:46,154,24.9
605,0.84,12:46,153,24.9
606,0.84,13:08,153,24.9
607,0.85,13:01,154,24.9
608,0.85,13:08,153,25.6
609,0.85,12:25,152,25.6
610,0.85,11:52,152,25.6
611,0.85,11:33,152,25.6
612,0.85,11:10,152,25.6
613,0.85,10:23,152,24.9
614,0.86,10:33,152,24.9
615,0.86,10:43,152,24.9
616,0.86,10:33,153,24.9
617,0.86,10:54,154,24.9
618,0.86,11:33,155,25.6
619,0.86,11:45,156,25.6
620,0.86,11:39,154,24.9
621,0.87,12:04,154,24.9
622,0.87,12:53,155,24.9
623,0.87,12:46,155,24.9
624,0.87,13:01,155,25.6
625,0.87,12:53,154,25.6
626,0.87,12:25,154,25.6
627,0.87,10:48,154,25.6
628,0.88,10:00,154,25.6
629,0.88,9:18,154,25.6
630,0.88,9:34,154,25.6
631,0.88,9:34,155,25.6
632,0.88,10:09,155,25.6
633,0.88,10:48,155,25.6
634,0.89,11:21,155,26.2
635,0.89,11:21,155,26.2
636,0.89,11:52,156,26.9
637,0.89,12:32,155,26.9
638,0.89,13:01,155,26.9
639,0.89,13:32,155,26.2
640,0.89,13:58,156,26.2
641,0.89,13:32,156,26.2
642,0.9,13:32,156,26.2
643,0.9,13:16,156,25.6
744,0.9,670:33,151,30.8
745,0.9,724:55,151,30.8
746,0.9,462:27,151,30.8
747,0.9,331:08,152,30.8
748,0.9,268:13,153,31.5
749,0.9,268:13,154,31.5
750,0.91,12:46,155,31.5
751,0.91,13:16,155,31.5
752,0.91,13:24,155,31.5
753,0.91,13:41,155,31.5
754,0.91,12:46,155,30.8
755,0.91,11:39,155,30.8
756,0.91,10:33,155,30.8
757,0.92,10:23,155,30.8
758,0.92,10:14,155,30.8
759,0.92,10:28,155,30.8
760,0.92,10:59,155,30.8
761,0.92,11:45,156,30.8
762,0.92,11:33,155,30.8
763,0.92,11:33,154,30.8
764,0.93,11:33,155,30.8
765,0.93,11:33,155,30.8
766,0.93,10:48,155,30.8
767,0.93,11:16,154,31.5
768,0.93,11:16,154,31.5
769,0.93,12:04,155,31.5
770,0.93,11:58,155,31.5
771,0.94,12:53,156,31.5
772,0.94,13:32,155,31.5
773,0.94,13:41,155,31.5
774,0.94,12:46,157,31.5
775,0.94,12:18,156,31.5
776,0.94,12:11,156,31.5
777,0.94,11:45,157,31.5
778,0.95,11:45,157,30.8
779,0.95,11:58,157,30.8
780,0.95,12:18,156,30.8
781,0.95,12:25,156,30.8
782,0.95,12:25,156,30.8
783,0.95,12:46,155,31.5
784,0.95,13:32,155,31.5
785,0.95,15:14,156,31.5
786,0.95,14:54,156,31.5
787,0.96,14:44,156,31.5
788,0.96,13:49,156,31.5
789,0.96,13:01,156,30.8
790,0.96,11:39,157,30.8
791,0.96,11:39,157,30.8
792,0.96,11:33,156,30.8
793,0.96,12:25,157,30.8
794,0.97,11:39,158,30.8
795,0.97,11:45,157,30.8
796,0.97,11:58,157,30.8
797,0.97,12:53,158,30.8
798,0.97,13:58,158,30.8
799,0.97,15:24,158,30.8
800,0.97,14:34,159,30.8
801,0.98,13:49,160,30.8
802,0.98,12:25,160,30.8
803,0.98,10:54,160,30.8
804,0.98,10:33,160,30.2
805,0.98,10:59,160,30.2
806,0.98,11:16,161,30.2
807,0.98,10:43,161,29.5
808,0.99,10:38,160,29.5
809,0.99,9:43,160,29.5
810,0.99,9:14,160,29.5
811,0.99,9:07,160,29.5
812,0.99,9:30,161,29.5
813,0.99,9:30,160,29.5
814,1.0,10:05,160,29.5
815,1.0,10:48,160,29.5
816,1.0,11:21,160,29.5
817,1.0,11:33,161,29.5
818,1.0,11:27,161,29.5
819,1.0,11:10,161,29.5
820,1.01,10:48,162,28.9
821,1.01,10:05,162,28.9
822,1.01,9:43,163,28.2
823,1.01,9:22,163,28.2
824,1.01,9:30,164,27.6
825,1.01,9:14,163,27.6
826,1.02,9:43,163,26.9
827,1.02,10:09,164,26.9
828,1.02,9:43,164,26.9
829,1.02,10:05,164,26.9
830,1.02,10:14,164,26.9
831,1.02,10:00,164,26.9
832,1.03,9:34,165,26.9
833,1.03,10:43,166,26.9
834,1.03,10:59,165,26.9
835,1.03,11:33,165,26.9
836,1.03,11:33,165,26.2
837,1.03,11:45,165,26.2
838,1.03,11:10,165,26.9
839,1.04,11:27,165,26.9
840,1.04,10:48,165,26.9
841,1.04,10:18,165,26.9
842,1.04,10:23,165,26.9
843,1.04,10:05,165,26.9
844,1.04,9:30,166,26.9
845,1.05,9:43,165,26.9
846,1.05,9:51,166,26.9
847,1.05,10:05,167,26.9
848,1.05,10:43,167,26.9
849,1.05,10:38,166,26.2
850,1.05,10:43,166,26.2
851,1.06,10:54,165,26.2
852,1.06,10:43,166,26.2
853,1.06,10:38,167,25.6
854,1.06,10:33,166,25.6
855,1.06,10:09,167,25.6
856,1.06,10:09,167,24.9
857,1.07,10:14,166,24.9
858,1.07,10:09,166,24.9
859,1.07,10:23,166,24.9
860,1.07,10:48,165,24.9
861,1.07,11:21,165,24.9
862,1.07,11:10,166,24.9
863,1.07,10:59,165,24.9
864,1.08,11:05,166,24.9
865,1.08,10:54,166,24.9
866,1.08,10:59,166,24.9
867,1.08,11:21,166,24.9
868,1.08,11:27,166,24.9
869,1.08,11:33,167,24.9
870,1.08,11:21,167,24.9
871,1.09,10:54,167,24.9
872,1.09,10:54,167,24.3
873,1.09,10:59,167,24.3
874,1.09,10:54,168,23.6
875,1.09,12:25,167,23.6
876,1.09,12:32,167,23.6
877,1.09,12:25,165,23.6
878,1.1,12:25,164,23.6
879,1.1,12:25,164,23.6
880,1.1,11:21,164,23.6
881,1.1,10:43,164,23.6
882,1.1,10:23,163,23.6
883,1.1,10:38,163,23.6
884,1.11,10:28,163,23.0
885,1.11,10:28,164,23.0
886,1.11,11:33,162,23.0
887,1.11,11:58,163,23.0
888,1.11,11:52,163,23.0
889,1.11,12:04,163,22.3
890,1.11,11:52,163,22.3
891,1.11,11:52,163,22.3
892,1.12,12:04,162,22.3
893,1.12,12:25,162,21.7
894,1.12,12:53,162,21.7
895,1.12,12:53,161,21.7
896,1.12,12:25,161,21.7
897,1.12,12:18,161,21.0
898,1.12,11:52,160,21.0
899,1.13,11:33,161,21.0
900,1.13,10:59,162,21.0
901,1.13,10:54,161,21.0
902,1.13,11:05,160,21.0
903,1.13,10:59,161,21.0
904,1.13,11:21,161,20.3
905,1.13,12:18,162,20.3
906,1.14,12:39,161,20.3
907,1.14,12:32,160,20.3
908,1.14,12:46,160,20.3
909,1.14,12:18,161,20.3
910,1.14,11:58,161,20.3
911,1.14,11:33,161,19.7
912,1.14,11:21,161,19.7
913,1.15,11:10,161,19.7
914,1.15,11:21,161,19.7
915,1.15,11:39,161,19.7
916,1.15,11:39,161,19.7
917,1.15,11:52,161,19.7
918,1.15,11:52,161,19.7
919,1.15,11:05,161,19.7
920,1.16,10:54,161,19.7
921,1.16,10:48,161,19.7
922,1.16,10:28,161,19.7
923,1.16,10:54,161,19.0
924,1.16,11:21,162,19.0
925,1.16,11:39,162,19.0
926,1.16,12:25,162,19.0
927,1.17,12:18,163,19.0
928,1.17,12:04,163,19.7
929,1.17,12:04,164,19.7
930,1.17,11:39,164,19.7
931,1.17,11:10,164,19.7
932,1.17,11:05,164,19.7
933,1.18,10:28,163,19.7
934,1.18,10:33,164,19.7
935,1.18,11:21,164,19.7
936,1.18,11:33,164,19.7
937,1.18,12:18,164,19.7
938,1.18,12:25,165,19.7
939,1.18,11:52,165,19.7
940,1.19,10:33,165,19.0
941,1.19,10:14,165,19.0
942,1.19,9:56,165,18.4
943,1.19,10:00,165,18.4
944,1.19,10:23,164,18.4
945,1.19,10:43,165,18.4
946,1.19,11:27,165,18.4
947,1.2,11:39,164,17.7
948,1.2,12:11,164,18.4
949,1.2,11:58,163,18.4
950,1.2,11:52,162,17.7
951,1.2,11:16,161,17.7
952,1.2,10:54,161,17.7
953,1.21,10:48,161,17.7
954,1.21,11:05,161,17.7
955,1.21,11:33,161,17.7
956,1.21,12:11,160,17.7
957,1.21,13:58,160,17.7
958,1.21,13:32,160,17.7
959,1.21,13:01,160,17.7
960,1.21,12:39,161,17.7
961,1.22,11:39,161,17.1
962,1.22,10:23,161,17.1
963,1.22,10:28,161,17.1
964,1.22,10:23,161,16.4
965,1.22,9:47,161,16.4
966,1.22,9:56,162,16.4
967,1.23,10:38,162,16.4
968,1.23,11:16,162,15.7
969,1.23,11:58,162,15.7
970,1.23,13:01,161,15.7
971,1.23,12:46,162,16.4
972,1.23,11:39,162,16.4
973,1.23,10:48,163,16.4
974,1.24,10:38,162,17.1
975,1.24,10:38,162,16.4
976,1.24,10:54,162,16.4
977,1.24,11:16,163,16.4
978,1.24,11:16,163,16.4
979,1.24,11:10,162,16.4
980,1.24,11:27,162,17.1
981,1.25,11:52,163,17.1
982,1.25,12:25,163,17.1
983,1.25,12:46,163,17.1
984,1.25,12:39,163,17.1
985,1.25,12:04,163,17.1
986,1.25,11:52,163,17.1
987,1.25,11:39,163,17.1
988,1.26,11:45,163,17.1
989,1.26,11:21,163,17.1
990,1.26,11:39,163,17.1
991,1.26,11:45,163,17.1
992,1.26,11:33,163,17.1
993,1.26,11:39,163,16.4
994,1.26,12:32,163,16.4
995,1.27,12:25,163,16.4
996,1.27,12:04,162,16.4
997,1.27,11:27,162,16.4
998,1.27,10:48,163,16.4
999,1.27,10:23,164,16.4
1000,1.27,10:28,164,16.4
1001,1.27,10:43,164,16.4
1002,1.28,11:45,164,16.4
1003,1.28,12:18,165,16.4
1004,1.28,12:25,164,16.4
1005,1.28,12:53,164,16.4
1006,1.28,11:58,164,15.7
1007,1.28,11:05,165,15.7
1008,1.28,10:54,165,15.1
1009,1.29,10:38,164,15.1
1010,1.29,10:14,164,15.1
1011,1.29,10:28,163,15.1
1012,1.29,10:38,163,15.1
1013,1.29,10:54,162,15.1
1014,1.29,10:59,162,15.1
1015,1.3,10:28,163,15.1
1016,1.3,10:48,162,14.4
1017,1.3,11:21,162,14.4
1018,1.3,11:21,162,15.1
1019,1.3,11:27,163,15.1
1020,1.3,12:53,163,14.4
1021,1.3,12:53,162,14.4
1022,1.3,12:11,162,14.4
1023,1.31,11:52,163,15.1
1024,1.31,11:45,163,15.1
1025,1.31,10:59,162,15.1
1026,1.31,10:59,162,15.1
1027,1.31,10:48,162,15.1
1028,1.31,10:59,162,15.1
1029,1.32,10:59,162,15.1
1030,1.32,11:10,162,15.1
1031,1.32,10:23,162,15.1
1032,1.32,10:28,162,15.1
1033,1.32,10:23,162,15.1
1034,1.32,10:18,162,15.1
1035,1.33,10:23,161,15.7
1036,1.33,10:48,162,15.7
1037,1.33,10:48,162,15.7
1038,1.33,10:54,161,15.7
1039,1.33,11:27,161,16.4
1040,1.33,10:48,160,16.4
1041,1.33,10:59,160,16.4
1042,1.34,10:59,160,16.4
1043,1.34,10:48,159,16.4
1044,1.34,10:54,159,17.1
1045,1.34,11:05,159,17.1
1046,1.34,11:27,160,17.1
1047,1.34,11:33,160,17.1
1048,1.34,11:33,161,17.1
1049,1.35,11:45,161,17.7
1050,1.35,12:18,160,17.7
1051,1.35,11:39,160,17.7
1052,1.35,11:52,160,18.4
1053,1.35,12:04,160,18.4
1054,1.35,11:27,160,18.4
1055,1.35,11:39,160,19.0
1056,1.36,11:52,160,19.0
1057,1.36,12:04,159,19.0
1058,1.36,12:32,159,19.7
1059,1.36,12:32,158,19.7
1060,1.36,12:11,158,19.7
1061,1.36,12:32,158,20.3
1062,1.36,11:33,158,20.3
1063,1.37,11:10,158,20.3
1064,1.37,11:21,158,20.3
1065,1.37,11:27,159,20.3
1066,1.37,11:39,159,20.3
1067,1.37,12:25,159,20.3
1068,1.37,12:32,159,20.3
1069,1.37,12:39,160,20.3
1070,1.37,12:39,160,20.3
1071,1.38,12:25,160,20.3
1072,1.38,12:32,160,20.3
1073,1.38,12:32,161,20.3
1074,1.38,12:46,161,20.3
1075,1.38,13:24,162,20.3
1076,1.38,13:24,163,20.3
1077,1.38,13:49,163,20.3
1078,1.39,13:32,164,20.3
1079,1.39,13:01,164,20.3
1080,1.39,12:04,164,20.3
1081,1.39,11:45,165,20.3
1082,1.39,10:59,165,20.3
1083,1.39,10:59,165,19.7
1084,1.39,11:39,165,19.7
1085,1.39,12:18,165,19.7
1086,1.4,12:39,165,19.7
1087,1.4,13:24,164,19.0
1088,1.4,13:49,163,19.0
1089,1.4,13:08,164,19.0
1090,1.4,13:16,164,19.0
1091,1.4,12:46,164,19.0
1092,1.4,12:18,164,19.0
1093,1.41,12:04,163,19.0
1094,1.41,11:45,163,19.0
1095,1.41,11:21,161,19.0
1096,1.41,11:45,155,19.0
1097,1.41,11:33,150,19.7
1098,1.41,11:27,147,19.7
1099,1.41,11:52,149,19.0
1100,1.42,11:45,149,19.0
1101,1.42,11:58,149,18.4
1102,1.42,12:39,149,18.4
1103,1.42,12:25,149,19.0
1104,1.42,11:45,144,19.0
1105,1.42,11:27,144,19.7
1106,1.42,10:43,152,19.7
1107,1.43,10:43,154,19.7
1108,1.43,10:54,154,20.3
1109,1.43,10:54,156,20.3
1110,1.43,11:16,157,20.3
1111,1.43,11:27,157,20.3
1112,1.43,11:21,158,20.3
1113,1.43,11:27,159,20.3
1114,1.44,11:27,159,20.3
1115,1.44,11:16,160,20.3
1116,1.44,10:59,161,20.3
1117,1.44,10:43,161,19.7
1118,1.44,10:54,162,19.7
1119,1.44,10:43,162,19.7
1120,1.45,10:23,163,19.0
1121,1.45,10:14,163,19.0
1122,1.45,10:23,163,19.0
1123,1.45,10:33,164,19.0
1124,1.45,10:48,164,19.0
1125,1.45,10:59,164,19.0
1126,1.45,11:39,164,19.0
1127,1.46,11:33,164,19.0
1128,1.46,10:59,165,19.0
1129,1.46,10:18,166,19.0
1130,1.46,11:10,165,19.0
1131,1.46,11:39,165,19.0
1132,1.46,11:16,165,19.0
1133,1.46,11:33,165,19.0
1134,1.47,12:25,165,19.0
1135,1.47,11:27,166,19.0
1136,1.47,11:16,165,19.0
1137,1.47,11:45,165,19.0
1138,1.47,11:39,166,19.0
1139,1.47,11:10,166,19.0
1140,1.48,10:48,165,19.0
1141,1.48,10:28,165,19.0
1142,1.48,10:38,166,19.0
1143,1.48,10:18,166,19.0
1144,1.48,10:14,166,18.4
1145,1.48,10:05,166,18.4
1146,1.49,10:00,166,18.4
1147,1.49,9:18,166,18.4
1148,1.49,9:47,166,19.0
1149,1.49,10:43,165,19.0
1150,1.49,11:05,166,19.0
1151,1.49,11:05,166,18.4
1152,1.49,12:11,166,18.4
1153,1.5,11:21,166,17.7
1154,1.5,11:10,167,17.7
1155,1.5,12:04,167,17.7
1156,1.5,12:18,167,18.4
1157,1.5,11:39,167,18.4
1158,1.5,11:10,168,19.0
1159,1.51,10:28,168,19.0
1160,1.51,9:38,169,18.4
1161,1.51,9:18,169,18.4
1162,1.51,9:22,170,18.4
1163,1.51,10:05,170,18.4
1164,1.51,10:09,170,17.7
1165,1.51,10:28,170,17.7
1166,1.52,10:23,170,17.7
1167,1.52,10:09,170,17.7
1168,1.52,11:16,170,17.7
1169,1.52,11:45,170,17.7
1170,1.52,11:58,171,17.7
1171,1.52,13:32,172,17.1
1172,1.52,15:24,172,17.1
1173,1.53,13:32,171,16.4
1174,1.53,13:16,171,16.4
1175,1.53,12:39,169,16.4
1176,1.53,11:58,169,17.1
1177,1.53,11:16,169,17.1
1178,1.53,11:05,170,17.7
1179,1.53,11:21,169,17.7
1180,1.54,12:04,167,18.4
1181,1.54,12:18,168,18.4
1182,1.54,12:46,167,18.4
1183,1.54,12:46,167,17.7
1184,1.54,12:39,167,18.4
1185,1.54,12:11,166,18.4
1186,1.54,11:45,166,18.4
1187,1.55,10:59,165,18.4
1188,1.55,10:54,164,18.4
1189,1.55,11:21,164,18.4
1190,1.55,11:21,164,18.4
1191,1.55,11:10,163,18.4
1192,1.55,11:39,163,18.4
1193,1.55,11:52,163,19.0
1194,1.56,10:48,163,19.7
1195,1.56,10:14,163,19.7
1196,1.56,10:33,162,19.7
1197,1.56,10:05,163,19.7
1198,1.56,10:23,163,19.0
1199,1.56,10:28,163,18.4
1200,1.57,11:05,164,17.7
1201,1.57,11:16,164,17.1
1202,1.57,11:21,165,17.1
1203,1.57,10:43,165,17.1
1204,1.57,11:21,165,17.7
1205,1.57,11:16,165,18.4
1206,1.57,11:10,164,19.0
1207,1.58,10:59,164,19.0
1208,1.58,11:21,165,18.4
1209,1.58,11:10,165,18.4
1210,1.58,11:10,165,17.7
1211,1.58,10:38,166,17.7
1212,1.58,10:48,165,17.7
1213,1.58,11:05,165,17.7
1214,1.59,10:59,165,17.1
1215,1.59,11:21,166,17.1
1216,1.59,11:16,166,17.1
1217,1.59,11:27,166,16.4
1218,1.59,11:10,166,15.7
1219,1.59,11:05,166,15.1
1220,1.59,11:05,166,14.4
1221,1.6,11:39,167,13.8
1222,1.6,11:05,166,13.8
1223,1.6,10:14,167,13.8
1224,1.6,9:22,167,13.8
1225,1.6,9:00,167,13.1
1226,1.61,8:42,167,12.5
1227,1.61,9:07,166,12.5
1228,1.61,9:34,167,11.8
1229,1.61,10:18,167,12.5
1230,1.61,10:33,167,12.5
1231,1.61,10:59,168,12.5
1232,1.61,11:05,169,12.5
1233,1.62,10:43,168,11.8
1234,1.62,11:39,168,11.8
1235,1.62,11:21,168,11.8
1236,1.62,11:16,169,11.8
1237,1.62,11:05,169,12.5
1238,1.62,12:11,168,12.5
1239,1.62,12:11,169,11.8
1240,1.63,13:16,168,11.8
1241,1.63,13:49,169,11.8
1242,1.63,13:58,168,11.2
1243,1.63,12:39,168,11.2
1244,1.63,11:16,168,11.2
1245,1.63,10:18,168,11.2
1246,1.63,10:28,167,11.8
1247,1.64,10:28,166,11.8
1248,1.64,10:38,166,11.2
1249,1.64,11:39,166,10.5
1250,1.64,12:11,165,10.5
1251,1.64,11:45,166,10.5
1252,1.64,12:11,166,10.5
1253,1.64,13:01,166,11.2
1254,1.65,12:25,165,11.2
1255,1.65,12:04,165,11.8
1256,1.65,11:21,165,11.2
1257,1.65,10:38,164,11.2
1258,1.65,10:18,163,11.8
1259,1.65,10:00,163,11.8
1260,1.66,10:48,163,12.5
1261,1.66,11:52,162,13.1
1262,1.66,11:52,162,13.8
1263,1.66,11:33,161,15.1
1264,1.66,11:52,161,15.7
1265,1.66,10:59,161,16.4
1266,1.66,10:18,162,17.1
1267,1.67,10:43,161,17.1
1268,1.67,11:16,161,17.1
1269,1.67,11:21,160,17.1
1270,1.67,11:39,160,17.1
1271,1.67,12:04,161,17.7
1272,1.67,11:45,160,17.7
1273,1.67,11:33,160,17.7
1274,1.68,11:45,160,18.4
1275,1.68,10:54,161,19.0
1276,1.68,10:14,161,19.7
1277,1.68,10:00,161,20.3
1278,1.68,9:51,162,21.0
1279,1.68,9:56,162,20.3
1280,1.69,10:54,163,20.3
1281,1.69,11:16,163,20.3
1282,1.69,11:21,163,20.3
1283,1.69,11:39,164,20.3
1284,1.69,11:21,165,20.3
1285,1.69,11:05,166,20.3
1286,1.69,10:54,166,20.3
1287,1.7,10:48,167,20.3
1288,1.7,10:48,166,20.3
1289,1.7,11:21,168,21.0
1290,1.7,11:05,166,21.0
1291,1.7,11:05,167,21.0
1292,1.7,11:45,167,21.0
1293,1.7,11:33,167,20.3
1294,1.71,11:21,166,20.3
1295,1.71,11:52,167,20.3
1296,1.71,11:58,168,19.7
1297,1.71,12:25,167,19.7
1298,1.71,12:11,167,20.3
1299,1.71,10:59,166,20.3
1300,1.71,11:05,166,20.3
1301,1.72,11:21,166,21.0
1302,1.72,10:28,166,21.0
1303,1.72,10:18,166,21.7
1304,1.72,11:05,165,21.7
1305,1.72,11:16,166,22.3
1306,1.72,11:16,165,23.0
1307,1.72,11:39,166,23.0
1308,1.73,11:58,166,23.6
1309,1.73,12:11,166,23.0
1310,1.73,11:52,166,23.0
1311,1.73,11:39,166,23.0
1312,1.73,11:39,166,23.0
1313,1.73,11:39,165,23.0
1314,1.74,11:21,165,23.0
1315,1.74,11:33,166,22.3
1316,1.74,11:21,165,21.7
1317,1.74,11:21,165,21.0
1318,1.74,11:39,165,20.3
1319,1.74,11:27,166,19.7
1320,1.74,11:16,166,19.7
1321,1.75,11:45,165,20.3
1322,1.75,11:39,165,21.0
1323,1.75,11:33,167,21.0
1324,1.75,11:39,166,21.0
1325,1.75,10:38,167,21.0
1326,1.75,10:33,166,21.0
1327,1.75,10:48,167,21.0
1328,1.76,10:05,166,21.0
1329,1.76,10:09,166,21.0
1330,1.76,10:43,166,21.7
1331,1.76,10:23,166,21.7
1332,1.76,10:33,166,21.7
1333,1.76,11:05,165,21.7
1334,1.77,10:54,166,21.7
1335,1.77,12:18,166,21.0
1336,1.77,12:53,165,20.3
1337,1.77,12:25,165,20.3
1338,1.77,13:01,165,21.0
1339,1.77,13:41,165,21.0
1340,1.77,12:11,164,21.7
1341,1.77,11:45,164,22.3
1342,1.78,11:33,164,22.3
1343,1.78,10:43,165,21.7
1344,1.78,10:09,165,21.0
1345,1.78,10:05,165,20.3
1346,1.78,10:14,166,19.7
1347,1.78,9:47,166,20.3
1348,1.79,9:43,167,21.0
1349,1.79,9:51,167,21.7
1350,1.79,9:43,167,21.7
1351,1.79,9:30,168,21.7
1352,1.79,10:23,168,21.0
1353,1.79,10:33,169,20.3
1354,1.8,10:33,169,19.7
1355,1.8,10:59,169,19.7
1356,1.8,10:54,169,19.0
1357,1.8,10:28,169,18.4
1358,1.8,10:43,169,18.4
1359,1.8,11:05,169,17.7
1360,1.8,10:59,170,18.4
1361,1.81,11:16,170,18.4
1362,1.81,11:21,169,19.0
1363,1.81,12:11,170,20.3
1364,1.81,11:45,171,21.0
1365,1.81,11:27,171,21.0
1366,1.81,10:54,172,21.0
1367,1.82,10:33,172,21.0
1368,1.82,9:51,170,21.0
1369,1.82,9:38,170,21.0
1370,1.82,9:26,170,21.7
1371,1.82,9:47,170,21.7
1372,1.82,9:34,170,21.7
1373,1.83,9:26,170,21.7
1374,1.83,10:18,170,21.7
1375,1.83,10:48,170,21.0
1376,1.83,11:16,169,21.0
1377,1.83,13:01,169,21.0
1378,1.83,13:08,168,21.0
1379,1.83,12:25,168,21.0
1380,1.84,11:45,168,21.0
1381,1.84,11:21,169,21.0
1382,1.84,10:33,169,21.7
1383,1.84,10:48,168,21.7
1384,1.84,11:05,168,22.3
1385,1.84,11:45,169,22.3
1386,1.84,11:39,168,23.0
1387,1.85,11:16,168,23.6
1388,1.85,11:10,169,23.6
1389,1.85,10:14,170,24.3
1390,1.85,10:14,170,24.3
1391,1.85,10:09,169,24.3
1392,1.85,10:28,170,24.9
1393,1.86,10:28,169,24.9
1394,1.86,10:59,169,25.6
1395,1.86,10:43,169,25.6
1396,1.86,11:05,170,26.2
1397,1.86,10:59,170,26.2
1398,1.86,11:16,170,26.9
1399,1.86,11:16,169,26.9
1400,1.87,11:05,170,27.6
1401,1.87,10:48,169,27.6
1402,1.87,10:33,170,27.6
1403,1.87,10:09,170,28.2
1404,1.87,9:56,170,28.2
1405,1.87,10:05,169,28.9
1406,1.88,10:18,169,28.9
1407,1.88,10:33,168,28.9
1408,1.88,10:23,169,28.9
1409,1.88,10:54,170,28.9
1410,1.88,11:16,170,28.9
1411,1.88,11:10,169,28.9
1412,1.88,11:39,169,28.9
1413,1.89,12:39,168,28.9
1414,1.89,11:52,169,28.9
1415,1.89,12:04,169,28.9
1416,1.89,12:11,169,28.9
1417,1.89,11:05,170,28.9
1418,1.89,11:10,168,28.9
1419,1.89,11:45,168,28.9
1420,1.9,11:21,167,29.5
1421,1.9,11:58,167,29.5
1422,1.9,12:39,167,29.5
1423,1.9,11:52,168,29.5
1424,1.9,12:11,168,30.2
1425,1.9,11:45,168,30.2
1426,1.91,10:33,168,30.2
1427,1.91,10:43,167,30.2
1428,1.91,10:54,166,30.8
1429,1.91,10:18,166,30.8
1430,1.91,10:54,167,30.8
1431,1.91,11:52,167,30.8
1432,1.91,11:21,168,30.8
1433,1.92,11:21,168,30.2
1434,1.92,11:39,168,30.2
1435,1.92,10:28,168,29.5
1436,1.92,10:05,167,29.5
1437,1.92,10:33,167,29.5
1438,1.92,10:23,167,29.5
1439,1.92,10:54,168,29.5
1440,1.93,11:45,168,30.2
1441,1.93,11:33,167,30.2
1442,1.93,11:39,167,30.2
1443,1.93,12:11,168,30.2
1444,1.93,11:16,167,30.8
1445,1.93,11:10,168,30.8
1446,1.93,11:27,169,30.8
1447,1.94,11:05,170,31.5
1448,1.94,10:48,170,31.5
1449,1.94,11:16,168,31.5
1450,1.94,10:59,169,31.5
1451,1.94,10:54,168,31.5
1452,1.94,10:43,168,31.5
1453,1.95,10:28,169,30.8
1454,1.95,10:14,169,30.8
1455,1.95,10:14,169,31.5
1456,1.95,10:05,171,31.5
1457,1.95,10:09,170,31.5
1458,1.95,10:05,169,31.5
1459,1.96,10:18,169,32.2
1460,1.96,10:38,169,32.2
1461,1.96,10:14,169,32.2
1462,1.96,10:05,169,31.5
1463,1.96,9:47,169,31.5
1464,1.96,9:38,169,31.5
1465,1.97,9:34,169,31.5
1466,1.97,10:14,169,31.5
1467,1.97,10:28,169,32.2
1468,1.97,11:27,169,32.2
1469,1.97,11:52,169,32.2
1470,1.97,12:04,168,32.2
1471,1.97,12:25,169,32.2
1472,1.98,13:01,168,32.2
1473,1.98,12:25,168,32.2
1474,1.98,12:04,168,32.2
1475,1.98,11:39,170,32.2
1476,1.98,10:54,169,32.2
1477,1.98,10:23,169,32.2
1478,1.98,10:18,169,32.2
1479,1.99,10:09,168,32.8
1480,1.99,10:18,169,32.8
1481,1.99,10:14,169,32.8
1482,1.99,10:18,168,32.2
1483,1.99,10:18,170,32.8
1484,1.99,10:09,170,32.8
1485,2.0,10:23,170,32.8
1486,2.0,10:59,170,32.8
1487,2.0,10:54,169,32.8
1488,2.0,11:21,170,32.8
1489,2.0,11:21,171,32.8
1490,2.0,10:48,171,32.8
1491,2.0,10:48,171,32.8
1492,2.01,11:05,170,32.2
1493,2.01,11:05,170,32.2
1494,2.01,11:16,169,32.2
1495,2.01,11:33,171,32.2
1496,2.01,10:33,170,32.2
1497,2.01,10:18,170,32.2
1498,2.02,10:23,171,32.2
1499,2.02,10:14,171,32.8
1500,2.02,10:14,170,32.8
1501,2.02,10:43,173,32.8
1502,2.02,10:48,172,33.5
1503,2.02,10:18,172,33.5
1504,2.03,10:18,172,33.5
1505,2.03,10:43,171,33.5
1506,2.03,10:48,172,33.5
1507,2.03,10:38,172,33.5
1508,2.03,10:33,173,33.5
1509,2.03,10:28,173,33.5
1510,2.04,9:56,173,33.5
1511,2.04,9:38,172,33.5
1512,2.04,9:34,174,33.5
1513,2.04,10:14,174,34.1
1514,2.04,10:18,174,34.1
1515,2.04,10:23,173,34.1
1516,2.04,10:48,173,34.1
1517,2.05,10:28,172,34.1
1518,2.05,9:47,172,33.5
1519,2.05,9:43,172,34.1
1520,2.05,9:26,173,34.1
1521,2.05,9:14,173,34.8
1522,2.06,9:38,172,34.8
1523,2.06,9:38,172,34.8
1524,2.06,9:47,172,34.8
1525,2.06,9:51,173,35.4
1526,2.06,9:43,172,35.4
1527,2.06,9:47,172,35.4
1528,2.06,10:48,172,35.4
1529,2.07,11:10,173,35.4
1530,2.07,11:45,173,34.8
1531,2.07,12:25,172,34.8
1532,2.07,12:46,172,34.8
1533,2.07,11:16,172,34.8
1534,2.07,11:33,172,34.1
1535,2.08,10:48,171,34.1
1536,2.08,10:28,171,34.1
1537,2.08,10:23,171,34.1
1538,2.08,10:05,171,34.1
1539,2.08,9:30,172,34.1
1540,2.08,10:00,172,34.1
1541,2.09,10:09,171,33.5
1542,2.09,9:47,170,33.5
1543,2.09,11:05,169,32.8
1544,2.09,11:05,171,32.8
1545,2.09,11:05,171,32.8
1546,2.09,11:33,170,32.2
1547,2.09,11:52,169,32.2
1548,2.1,11:16,169,32.2
1549,2.1,11:45,170,32.2
1550,2.1,11:39,171,31.5
1551,2.1,11:10,170,31.5
1552,2.1,11:39,169,31.5
1553,2.1,11:16,169,31.5
1554,2.1,10:38,170,31.5
1555,2.11,10:05,169,30.8
1556,2.11,10:05,169,30.8
1557,2.11,9:34,168,30.8
1558,2.11,9:38,169,30.2
1559,2.11,9:56,169,30.2
1560,2.11,10:14,169,29.5
1561,2.12,10:18,168,29.5
1562,2.12,10:43,167,29.5
1563,2.12,12:04,166,28.9
1564,2.12,12:46,166,28.2
1565,2.12,12:53,166,28.2
1566,2.12,12:46,166,28.2
1567,2.12,11:52,165,27.6
1568,2.13,10:18,165,27.6
1569,2.13,10:14,164,27.6
1570,2.13,10:38,164,27.6
1571,2.13,10:43,164,27.6
1572,2.13,11:21,163,26.9
1573,2.13,12:32,164,26.9
1574,2.13,12:25,164,26.9
1575,2.14,12:11,164,26.9
1576,2.14,11:58,163,26.9
1577,2.14,11:39,162,26.9
1578,2.14,10:54,162,26.2
1579,2.14,10:48,162,25.6
1580,2.14,11:33,164,25.6
1581,2.14,12:39,165,24.9
1582,2.15,12:25,165,24.9
1583,2.15,12:25,164,24.9
1584,2.15,12:46,165,24.9
1585,2.15,11:21,165,24.9
1586,2.15,10:09,166,24.9
1587,2.15,10:28,166,24.9
1588,2.15,10:54,167,24.9
1589,2.16,10:18,167,24.3
1590,2.16,10:54,168,24.3
1591,2.16,11:10,168,24.3
1592,2.16,11:10,166,24.3
1593,2.16,11:05,166,24.3
1594,2.16,10:38,166,23.6
1595,2.17,10:09,166,23.6
1596,2.17,10:33,166,23.6
1597,2.17,10:23,166,23.6
1598,2.17,10:28,166,23.6
1599,2.17,11:52,166,23.6
1600,2.17,12:32,167,23.0
1601,2.17,12:25,167,23.0
1602,2.18,13:08,165,23.0
1603,2.18,12:39,165,22.3
1604,2.18,11:58,165,22.3
1605,2.18,11:16,165,22.3
1606,2.18,10:54,165,22.3
1607,2.18,10:23,165,22.3
1608,2.19,10:09,165,22.3
1609,2.19,10:18,165,22.3
1610,2.19,10:59,165,21.7
1611,2.19,11:10,164,21.7
1612,2.19,11:10,163,21.7
1613,2.19,11:52,160,21.7
1614,2.19,11:39,154,21.7
1615,2.19,11:27,152,21.0
1616,2.2,12:32,152,21.0
1617,2.2,12:39,152,21.0
1618,2.2,12:11,152,21.0
1619,2.2,11:52,152,21.0
1620,2.2,11:39,152,21.0
1621,2.2,10:43,152,21.0
1622,2.21,10:54,153,21.0
1623,2.21,10:33,154,20.3
1624,2.21,10:18,154,20.3
1625,2.21,10:28,155,21.0
1626,2.21,10:59,156,21.0
1627,2.21,11:05,156,21.0
1628,2.21,12:11,156,21.0
1629,2.22,13:01,156,21.0
1630,2.22,12:39,156,21.0
1631,2.22,12:04,155,21.0
1632,2.22,11:52,155,21.0
1633,2.22,11:16,157,21.0
1634,2.22,10:54,157,21.0
1635,2.22,10:48,158,21.0
1636,2.23,10:28,159,21.0
1637,2.23,10:18,160,21.0
1638,2.23,10:23,162,21.0
1639,2.23,10:28,163,21.0
1640,2.23,10:59,164,21.0
1641,2.23,11:39,165,21.0
1642,2.23,11:58,166,21.0
1643,2.24,11:45,167,21.0
1644,2.24,11:39,168,21.0
1645,2.24,11:05,168,21.0
1646,2.24,10:43,167,21.0
1647,2.24,10:05,167,21.0
1648,2.24,10:05,166,21.0
1649,2.25,10:23,166,21.0
1650,2.25,10:23,165,21.0
1651,2.25,10:28,165,21.0
1652,2.25,10:48,166,21.0
1653,2.25,10:48,167,21.0
1654,2.25,10:38,166,21.0
1655,2.25,11:05,166,21.7
1656,2.26,11:16,166,21.7
1657,2.26,11:27,167,21.7
1658,2.26,12:18,167,21.7
1659,2.26,12:18,167,21.7
1660,2.26,12:18,167,21.7
1661,2.26,12:25,168,21.7
1662,2.26,11:58,167,21.7
1663,2.27,10:59,166,22.3
1664,2.27,10:48,166,22.3
1665,2.27,10:14,166,21.7
1666,2.27,10:18,164,22.3
1667,2.27,10:33,165,22.3
1668,2.27,10:43,165,22.3
1669,2.28,11:05,166,22.3
1670,2.28,10:59,166,22.3
1671,2.28,10:00,166,22.3
1672,2.28,9:38,167,22.3
1673,2.28,9:47,168,21.7
1674,2.28,9:38,169,21.7
1675,2.29,10:38,169,21.7
1676,2.29,11:21,169,21.7
1677,2.29,12:04,168,21.7
1678,2.29,11:58,169,21.7
1679,2.29,12:04,169,21.7
1680,2.29,11:27,168,21.7
1681,2.29,11:10,169,21.0
1682,2.3,11:27,169,21.0
1683,2.3,11:27,169,20.3
1684,2.3,10:59,169,20.3
1685,2.3,10:33,169,20.3
1686,2.3,10:59,169,20.3
1687,2.3,10:59,168,20.3
1688,2.3,11:16,168,20.3
1689,2.31,11:52,169,19.7
1690,2.31,12:18,169,19.7
1691,2.31,11:45,169,19.7
1692,2.31,11:05,168,19.7
1693,2.31,10:28,169,19.7
1694,2.31,10:05,168,19.7
1695,2.32,10:18,169,19.7
1696,2.32,10:59,169,19.7
1697,2.32,10:54,169,19.7
1698,2.32,11:10,169,19.7
1699,2.32,11:16,169,19.7
1700,2.32,10:54,168,19.7
1701,2.32,11:10,168,19.7
1702,2.33,11:39,168,19.7
1703,2.33,11:52,168,19.7
1704,2.33,11:58,168,19.7
1705,2.33,11:52,168,19.7
1706,2.33,11:05,168,19.7
1707,2.33,11:16,168,19.7
1708,2.33,10:54,168,19.7
1709,2.34,10:38,168,19.7
1710,2.34,10:43,168,19.0
1711,2.34,10:43,168,18.4
1712,2.34,10:18,168,18.4
1713,2.34,10:33,168,18.4
1714,2.34,10:43,169,17.7
1715,2.35,10:48,170,17.7
1716,2.35,11:16,170,17.7
1717,2.35,11:27,169,18.4
1718,2.35,11:39,168,18.4
1719,2.35,11:52,168,18.4
1720,2.35,11:27,167,18.4
1721,2.35,10:59,169,18.4
1722,2.36,10:54,170,18.4
1723,2.36,10:48,170,18.4
1724,2.36,10:48,169,18.4
1725,2.36,11:10,168,18.4
1726,2.36,11:10,168,18.4
1727,2.36,11:10,168,18.4
1728,2.36,11:16,168,17.7
1729,2.37,10:59,168,17.7
1730,2.37,11:10,169,17.7
1731,2.37,11:16,169,17.7
1732,2.37,11:16,168,17.7
1733,2.37,11:21,168,17.7
1734,2.37,11:39,168,17.7
1735,2.38,11:16,167,18.4
1736,2.38,11:16,167,18.4
1737,2.38,11:27,167,18.4
1738,2.38,11:16,167,18.4
1739,2.38,10:43,167,17.7
1740,2.38,10:38,168,17.7
1741,2.38,10:48,167,17.7
1742,2.39,10:43,167,17.7
1743,2.39,11:16,166,17.7
1744,2.39,11:52,166,17.7
1745,2.39,12:39,166,17.7
1746,2.39,12:04,165,17.7
1747,2.39,12:18,166,17.1
1748,2.39,12:18,166,17.1
1749,2.39,12:32,166,17.1
1750,2.4,12:04,166,17.1
1751,2.4,12:11,166,17.1
1752,2.4,12:04,165,17.7
1753,2.4,11:16,165,17.7
1754,2.4,10:48,166,17.7
1755,2.4,10:54,166,17.7
1756,2.41,11:10,166,17.7
1757,2.41,10:48,166,17.7
1758,2.41,10:43,167,17.7
1759,2.41,10:43,168,17.7
1760,2.41,10:43,169,17.7
1761,2.41,10:38,168,17.1
1762,2.41,10:48,168,17.1
1763,2.42,10:54,168,17.1
1764,2.42,10:54,167,16.4
1765,2.42,10:38,168,16.4
1766,2.42,10:14,167,16.4
1767,2.42,10:09,168,16.4
1768,2.42,10:43,168,16.4
1769,2.43,10:54,169,15.7
1770,2.43,11:05,168,15.7
1771,2.43,11:45,168,15.7
1772,2.43,11:52,168,15.7
1773,2.43,10:59,169,15.7
1774,2.43,11:10,169,15.7
1775,2.43,11:05,170,15.7
1776,2.44,10:38,171,15.7
1777,2.44,10:54,171,16.4
1778,2.44,10:48,171,15.7
1779,2.44,10:28,171,15.7
1780,2.44,10:33,171,16.4
1781,2.44,10:23,171,16.4
1782,2.45,10:14,172,16.4
1783,2.45,10:33,173,16.4
1784,2.45,10:00,173,16.4
1785,2.45,10:05,174,16.4
1786,2.45,10:05,174,16.4
1787,2.45,9:43,173,17.1
1788,2.46,9:30,172,17.1
1789,2.46,9:51,172,17.1
1790,2.46,9:47,174,17.1
1791,2.46,10:38,174,17.7
1792,2.46,10:59,173,17.7
1793,2.46,11:10,173,17.7
1794,2.46,11:39,174,17.7
1795,2.47,10:59,174,17.7
1796,2.47,10:09,174,17.7
1797,2.47,10:05,174,17.7
1798,2.47,9:51,173,18.4
1799,2.47,9:38,173,18.4
1800,2.48,9:47,175,18.4
1801,2.48,9:43,174,18.4
1802,2.48,9:47,174,18.4
1803,2.48,10:00,174,18.4
1804,2.48,9:43,174,19.0
1805,2.48,10:09,173,19.0
1806,2.49,10:33,174,19.0
1807,2.49,10:43,174,19.0
1808,2.49,10:43,174,19.0
1809,2.49,11:16,174,19.0
1810,2.49,10:54,173,19.0
1811,2.49,10:48,173,19.0
1812,2.49,10:23,174,18.4
1813,2.5,10:28,173,18.4
1814,2.5,10:33,174,18.4
1815,2.5,10:48,173,18.4
1816,2.5,10:38,174,18.4
1817,2.5,10:54,174,17.7
1818,2.5,10:54,173,17.7
1819,2.51,10:48,172,17.1
1820,2.51,10:43,172,17.1
1821,2.51,10:59,172,17.1
1822,2.51,11:16,172,17.7
1823,2.51,11:10,171,17.7
1824,2.51,11:05,171,17.7
1825,2.51,11:21,171,18.4
1826,2.52,10:59,171,18.4
1827,2.52,10:43,171,18.4
1828,2.52,10:23,172,18.4
1829,2.52,10:23,171,17.7
1830,2.52,10:14,171,17.7
1831,2.52,10:38,171,17.7
1832,2.53,10:38,172,17.7
1833,2.53,10:54,172,17.7
1834,2.53,11:16,172,18.4
1835,2.53,11:21,171,18.4
1836,2.53,11:33,171,18.4
1837,2.53,11:58,172,17.7
1838,2.53,12:18,172,17.7
1839,2.54,11:52,172,17.7
1840,2.54,11:33,171,18.4
1841,2.54,11:21,171,19.0
1842,2.54,11:05,170,19.0
1843,2.54,10:54,171,19.7
1844,2.54,11:05,171,19.0
1845,2.54,11:33,172,17.7
1846,2.55,11:10,170,17.1
1847,2.55,11:10,170,17.1
1848,2.55,11:33,171,16.4
1849,2.55,11:52,173,16.4
1850,2.55,11:52,173,15.7
1851,2.55,13:16,172,15.1
1852,2.55,13:49,171,15.1
1853,2.55,13:24,172,15.1
1854,2.56,13:08,172,15.1
1855,2.56,13:16,173,14.4
1856,2.56,11:52,173,14.4
1857,2.56,11:05,172,14.4
1858,2.56,10:33,172,14.4
1859,2.56,10:09,173,14.4
1860,2.57,10:00,173,14.4
1861,2.57,10:14,174,15.1
1862,2.57,10:18,173,15.1
1863,2.57,11:10,173,15.1
1864,2.57,11:39,173,15.1
1865,2.57,11:52,174,15.1
1866,2.57,12:18,174,15.1
1867,2.58,12:18,173,15.1
1868,2.58,11:16,172,14.4
1869,2.58,11:05,174,14.4
1870,2.58,10:38,173,13.8
1871,2.58,10:14,174,13.1
1872,2.58,10:14,174,13.1
1873,2.59,10:23,173,13.1
1874,2.59,10:59,173,13.1
1875,2.59,11:21,173,13.8
1876,2.59,11:21,174,14.4
1877,2.59,11:21,174,14.4
1878,2.59,11:10,173,14.4
1879,2.59,10:18,174,14.4
1880,2.6,10:14,174,14.4
1881,2.6,10:18,174,14.4
1882,2.6,10:14,174,14.4
1883,2.6,10:18,174,14.4
1884,2.6,10:54,174,13.8
1885,2.6,10:28,174,13.1
1886,2.61,9:51,174,13.1
1887,2.61,10:14,174,12.5
1888,2.61,10:33,175,11.8
1889,2.61,10:00,175,11.2
1890,2.61,10:28,174,11.2
1891,2.61,11:05,174,11.2
1892,2.61,11:05,175,11.8
1893,2.62,11:33,176,11.8
1894,2.62,12:04,174,12.5
1895,2.62,11:16,174,12.5
1896,2.62,11:16,174,11.8
1897,2.62,11:10,175,11.8
1898,2.62,10:43,175,11.2
1899,2.63,10:33,174,11.2
1900,2.63,10:33,174,10.5
1901,2.63,10:38,174,10.5
1902,2.63,11:10,174,9.8
1903,2.63,10:33,175,8.5
1904,2.63,10:23,174,7.9
1905,2.63,10:43,173,6.6
1906,2.64,10:18,173,5.2
1907,2.64,9:47,175,3.9
1908,2.64,9:51,175,3.9
1909,2.64,10:00,174,3.9
1910,2.64,10:05,173,5.2
1911,2.64,10:18,173,5.9
1912,2.65,10:23,173,7.2
1913,2.65,10:59,174,7.9
1914,2.65,10:59,173,9.2
1915,2.65,10:54,172,9.2
1916,2.65,11:05,173,9.2
1917,2.65,11:16,174,9.8
1918,2.66,10:54,173,9.8
1919,2.66,10:48,173,9.8
1920,2.66,10:14,172,9.8
1921,2.66,10:18,174,10.5
1922,2.66,10:23,173,10.5
1923,2.66,9:56,173,10.5
1924,2.67,9:47,172,11.2
1925,2.67,10:28,172,11.8
1926,2.67,10:05,173,11.8
1927,2.67,9:51,174,11.8
1928,2.67,10:43,173,11.8
1929,2.67,10:33,172,11.8
1930,2.68,10:09,172,11.2
1931,2.68,10:54,174,11.2
1932,2.68,10:43,173,10.5
1933,2.68,10:33,174,10.5
1934,2.68,11:10,173,10.5
1935,2.68,11:10,174,11.2
1936,2.68,10:38,174,11.8
1937,2.69,10:54,175,12.5
1938,2.69,10:59,175,13.1
1939,2.69,10:59,175,13.8
1940,2.69,11:21,176,13.8
1941,2.69,10:54,175,13.8
1942,2.69,10:54,174,14.4
1943,2.69,10:43,174,14.4
1944,2.7,10:23,174,15.1
1945,2.7,10:18,174,15.1
1946,2.7,10:33,175,14.4
1947,2.7,10:18,174,14.4
1948,2.7,10:23,174,13.8
1949,2.7,10:14,175,13.1
1950,2.71,10:09,174,13.1
1951,2.71,9:43,175,13.8
1952,2.71,9:56,173,14.4
1953,2.71,9:51,174,15.1
1954,2.71,10:09,174,15.7
1955,2.71,10:09,175,16.4
1956,2.72,10:28,174,16.4
1957,2.72,10:59,174,16.4
1958,2.72,10:28,174,16.4
1959,2.72,10:18,174,15.7
1960,2.72,10:28,175,15.7
1961,2.72,10:59,175,15.7
1962,2.73,10:23,175,16.4
1963,2.73,11:05,174,16.4
1964,2.73,11:21,175,15.7
1965,2.73,11:33,175,15.7
1966,2.73,11:05,175,16.4
1967,2.73,11:10,175,16.4
1968,2.73,11:05,175,17.1
1969,2.74,11:05,175,17.1
1970,2.74,11:05,174,16.4
1971,2.74,10:38,174,16.4
1972,2.74,10:23,174,15.7
1973,2.74,10:28,174,15.7
1974,2.74,9:56,173,15.7
1975,2.75,9:51,173,15.7
1976,2.75,10:33,172,16.4
1977,2.75,10:28,173,17.1
1978,2.75,10:43,173,17.7
1979,2.75,11:10,175,18.4
1980,2.75,10:54,175,19.0
1981,2.75,10:54,175,19.7
1982,2.76,10:43,174,19.7
1983,2.76,10:14,174,19.7
1984,2.76,10:14,176,19.0
1985,2.76,10:05,176,18.4
1986,2.76,9:47,175,18.4
1987,2.76,10:09,175,19.0
1988,2.77,10:28,175,19.0
1989,2.77,10:33,175,20.3
1990,2.77,10:54,174,21.7
1991,2.77,10:59,175,21.7
1992,2.77,11:05,174,22.3
1993,2.77,11:33,176,21.7
1994,2.77,11:45,175,21.0
1995,2.78,11:58,174,19.7
1996,2.78,12:32,174,18.4
1997,2.78,11:52,175,17.7
1998,2.78,11:21,175,17.7
1999,2.78,11:52,175,17.7
2000,2.78,11:05,175,17.1
2001,2.78,10:54,175,16.4
2002,2.79,11:27,175,16.4
2003,2.79,11:16,175,16.4
2004,2.79,10:28,174,15.7
2005,2.79,11:10,173,16.4
2006,2.79,10:59,174,16.4
2007,2.79,10:59,174,16.4
2008,2.8,11:10,174,16.4
2009,2.8,11:16,174,15.7
2010,2.8,11:27,174,15.7
2011,2.8,11:58,174,15.7
2012,2.8,11:27,174,15.7
2013,2.8,11:05,173,15.7
2014,2.8,10:43,173,15.7
2015,2.81,10:09,173,15.1
2016,2.81,9:38,174,15.1
2017,2.81,9:26,174,15.1
2018,2.81,9:56,174,15.1
2019,2.81,10:28,173,15.7
2020,2.81,10:48,173,16.4
2021,2.82,11:05,174,17.1
2022,2.82,12:39,174,17.1
2023,2.82,12:25,175,17.1
2024,2.82,12:11,174,17.1
2025,2.82,11:21,173,16.4
2026,2.82,11:27,174,15.7
2027,2.82,10:38,174,15.7
2028,2.83,10:33,174,15.7
2029,2.83,10:48,173,16.4
2030,2.83,12:18,173,16.4
2031,2.83,11:33,173,16.4
2032,2.83,11:33,172,16.4
2033,2.83,11:39,172,16.4
2034,2.83,11:16,172,15.7
2035,2.84,10:48,170,15.7
2036,2.84,11:52,166,15.7
2037,2.84,11:27,162,15.7
2038,2.84,11:21,154,15.7
2039,2.84,11:16,151,16.4
2040,2.84,10:48,152,16.4
2041,2.85,10:18,152,16.4
2042,2.85,10:38,152,16.4
2043,2.85,10:48,152,15.7
2044,2.85,11:05,152,15.7
2045,2.85,10:59,158,15.7
2046,2.85,10:54,161,15.7
2047,2.85,10:54,164,16.4
2048,2.86,10:18,165,17.1
2049,2.86,10:14,166,17.1
2050,2.86,10:38,167,17.1
2051,2.86,10:48,169,16.4
2052,2.86,11:33,169,15.7
2053,2.86,12:25,170,14.4
2054,2.86,12:18,172,14.4
2055,2.87,12:25,171,14.4
2056,2.87,12:32,173,15.7
2057,2.87,12:04,172,15.7
2058,2.87,11:39,172,16.4
2059,2.87,11:39,173,17.1
2060,2.87,11:45,173,16.4
2061,2.87,12:04,173,16.4
2062,2.88,11:33,173,17.1
2063,2.88,11:45,173,17.7
2064,2.88,12:11,174,18.4
2065,2.88,11:39,173,19.0
2066,2.88,11:33,173,19.0
2067,2.88,11:39,172,19.0
2068,2.88,11:27,174,19.7
2069,2.89,11:27,173,21.0
2070,2.89,11:45,174,22.3
2071,2.89,11:39,173,23.6
2072,2.89,12:25,174,24.3
2073,2.89,12:32,174,24.3
2074,2.89,11:58,173,23.6
2075,2.89,11:58,173,23.6
2076,2.9,12:25,172,23.6
2077,2.9,11:39,172,23.0
2078,2.9,11:52,172,23.6
2079,2.9,11:33,172,23.6
2080,2.9,10:54,171,23.0
2081,2.9,10:38,171,23.0
2082,2.91,10:00,170,22.3
2083,2.91,9:30,170,22.3
2084,2.91,9:14,170,23.0
2085,2.91,9:18,171,23.0
2086,2.91,9:18,171,23.0
2087,2.91,9:30,171,23.6
2088,2.92,9:30,172,24.3
2089,2.92,9:38,172,24.9
2090,2.92,9:43,172,24.9
2091,2.92,9:22,172,24.3
2092,2.92,9:18,173,24.3
2093,2.92,9:14,173,23.6
2094,2.93,9:11,174,23.6
2095,2.93,9:38,174,24.3
2096,2.93,9:30,175,24.3
2097,2.93,10:09,175,24.9
2098,2.93,10:05,176,25.6
2099,2.93,10:41,176,25.6
2100,2.94,10:18,176,25.6
2101,2.94,10:18,176,25.6
2102,2.94,10:00,175,25.6
2103,2.94,9:47,176,25.6
2104,2.94,9:28,176,25.6
2105,2.94,9:56,177,25.6
2106,2.95,10:28,177,25.6
2107,2.95,10:28,175,25.6
2108,2.95,11:05,176,25.6
2109,2.95,10:43,176,26.2
2110,2.95,9:51,177,25.6
2111,2.95,9:18,177,25.6
2112,2.96,9:11,177,25.6
2113,2.96,9:11,176,24.9
2114,2.96,9:38,176,24.9
2115,2.96,9:47,178,24.9
2116,2.96,10:05,177,24.9
2117,2.96,9:47,177,24.9
2118,2.97,9:26,176,25.6
2119,2.97,8:56,177,25.6
2120,2.97,8:45,176,24.9
2121,2.97,8:52,178,24.9
2122,2.97,9:03,178,24.9
2123,2.98,9:11,178,24.3
2124,2.98,9:14,178,24.3
2125,2.98,9:22,177,24.3
2126,2.98,9:18,178,24.3
2127,2.98,9:11,178,24.9
2128,2.98,9:34,179,24.9
2129,2.99,10:33,178,25.6
2130,2.99,10:43,178,25.6
2131,2.99,10:43,178,24.9
2132,2.99,11:05,178,24.9
2133,2.99,10:48,179,24.9
2134,2.99,10:23,178,25.6
2135,3.0,10:05,178,25.6
2136,3.0,9:43,178,25.6
2137,3.0,9:18,178,26.2
2138,3.0,8:56,178,26.2
2139,3.0,8:45,178,26.2
2140,3.01,8:35,178,25.6
2141,3.01,8:49,178,25.6
2142,3.01,9:18,179,25.6
2143,3.01,10:18,178,25.6
2144,3.01,10:59,178,25.6
2145,3.01,12:11,179,26.9
2146,3.01,12:25,178,26.9
2147,3.02,12:18,179,26.9
2148,3.02,12:53,180,26.9
2149,3.02,13:08,178,26.2
2150,3.02,13:58,178,26.2
2151,3.02,14:54,179,25.6
2152,3.02,15:46,177,25.6
2153,3.02,14:54,178,25.6
2154,3.02,14:44,176,26.2
2155,3.02,14:54,175,26.9
2156,3.03,14:25,175,27.6
2157,3.03,15:04,175,28.2
2158,3.03,15:57,175,28.2
2159,3.03,17:52,175,28.2
2160,3.03,19:09,174,28.2
2161,3.03,26:49,174,28.2
2162,3.03,39:26,174,27.6
2163,3.03,41:54,173,27.6
2164,3.03,33:31,173,27.6
2165,3.03,27:56,172,26.9
2166,3.03,20:19,171,26.9
2167,3.03,16:21,171,26.9
2168,3.03,15:24,171,26.2
2169,3.04,15:35,170,25.6
2170,3.04,15:14,170,25.6
2171,3.04,15:14,170,25.6
2172,3.04,14:25,169,25.6
2173,3.04,13:41,169,26.2
2174,3.04,13:58,169,26.9
2175,3.04,14:54,169,26.9
2176,3.04,17:25,168,26.9
2177,3.04,24:23,168,26.9
2178,3.04,33:31,167,26.9
2179,3.04,36:14,166,26.2
2180,3.04,35:17,165,26.2
2181,3.05,25:18,164,26.2
2182,3.05,18:53,162,26.2
2183,3.05,15:14,162,26.2
2184,3.05,14:07,162,26.2
2185,3.05,12:53,161,25.6
2186,3.05,13:16,159,25.6
2187,3.05,13:58,159,25.6
2188,3.05,15:35,159,25.6
2189,3.05,17:25,158,25.6
2190,3.05,20:57,157,25.6
2191,3.06,25:18,157,25.6
2192,3.06,26:17,156,25.6
2193,3.06,26:49,156,25.6
2194,3.06,25:47,156,25.6
2195,3.06,21:17,155,25.6
2196,3.06,17:25,154,25.6
2197,3.06,14:54,153,24.9
2198,3.06,14:25,152,24.9
2199,3.06,14:07,152,24.9
2200,3.06,14:25,152,24.9
2201,3.07,15:46,152,24.9
2202,3.07,20:01,151,24.9
2203,3.07,22:21,150,24.9
2204,3.07,24:50,150,24.9
2205,3.07,24:50,150,24.9
2206,3.07,24:50,151,24.3
2207,3.07,21:59,149,24.3
2208,3.07,19:43,148,24.3
2209,3.07,17:52,148,24.9
2210,3.07,17:38,146,24.3
2211,3.07,14:44,146,24.3
2212,3.08,14:07,145,24.3
2213,3.08,13:16,145,23.6
2214,3.08,12:53,145,23.6
2215,3.08,12:18,145,23.6
2216,3.08,13:24,144,23.6
2217,3.08,14:16,143,23.6
2218,3.08,14:44,143,23.6
2219,3.08,14:34,143,23.6
2220,3.08,15:14,142,23.6
2221,3.09,14:54,142,23.6
2222,3.09,13:01,141,23.6
2223,3.09,12:32,140,23.6
2224,3.09,13:24,140,23.6
2225,3.09,13:41,140,23.6
2226,3.09,13:58,139,23.6
2227,3.09,16:09,139,23.6
2228,3.09,17:25,138,23.6
2229,3.09,19:09,137,23.0
2230,3.09,22:43,136,23.6
2231,3.09,29:48,136,23.6
2232,3.1,33:31,135,23.6
2233,3.1,47:53,135,23.6
2234,3.1,41:54,135,24.3
2235,3.1,33:31,134,24.3
2236,3.1,21:59,132,24.3
2237,3.1,17:52,132,24.3
2238,3.1,13:32,132,24.3
2239,3.1,11:52,132,24.3
2240,3.1,11:27,132,24.3
2241,3.11,12:18,132,24.3
2242,3.11,12:46,132,24.3
2243,3.11,14:34,132,24.3
2244,3.11,15:35,132,24.3
2245,3.11,16:33,131,24.3
2246,3.11,14:34,131,24.3
2247,3.11,13:41,131,24.3
2248,3.11,13:41,130,24.9
2249,3.11,14:16,129,24.9
2250,3.12,14:25,129,24.9
2251,3.12,18:22,128,25.6
2252,3.12,21:17,127,25.6
2253,3.12,23:31,126,25.6
2254,3.12,24:23,125,25.6
2255,3.12,24:23,123,25.6
2256,3.12,24:50,123,26.2
2257,3.12,23:56,124,26.2
2258,3.12,22:43,123,26.2
2259,3.12,19:26,124,26.2
2260,3.12,20:37,125,26.9
2261,3.12,17:52,125,26.9
2262,3.12,18:07,125,27.6
2263,3.13,16:45,125,27.6
2264,3.13,17:25,125,27.6
2265,3.13,15:35,125,27.6
2266,3.13,15:57,124,27.6
2267,3.13,15:46,124,27.6
2268,3.13,14:34,125,27.6
2269,3.13,13:49,127,27.6
2270,3.13,15:04,127,26.9
2271,3.13,15:57,126,26.9
2272,3.14,15:57,126,26.9
2273,3.14,18:53,126,26.2
2274,3.14,20:19,127,26.2
2275,3.14,17:25,127,26.2
2276,3.14,16:21,128,26.2
2277,3.14,15:46,127,26.2
2278,3.14,15:04,126,26.2
2279,3.14,15:46,126,26.2
2280,3.14,16:45,125,26.2
2281,3.14,16:58,125,26.2
2282,3.15,16:21,125,26.2
2283,3.15,18:07,125,26.2
2284,3.15,17:38,126,26.2
2285,3.15,18:07,126,26.2
2286,3.15,17:11,126,26.2
2287,3.15,16:45,125,25.6
2288,3.15,14:54,126,25.6
2289,3.15,14:54,127,24.9
2290,3.15,13:24,129,24.9
2291,3.16,12:46,130,24.9
2292,3.16,12:46,130,24.9
2293,3.16,12:32,131,24.9
2294,3.16,12:11,131,24.3
2295,3.16,13:41,132,24.9
2296,3.16,14:44,131,24.9
2297,3.16,15:24,132,24.9
2298,3.16,14:16,132,24.9
2299,3.17,14:25,133,24.3
2300,3.17,13:08,134,23.6
2301,3.17,11:33,135,23.6
2302,3.17,10:23,135,23.0
2303,3.17,10:18,137,23.0
2304,3.17,9:43,137,23.0
2305,3.18,9:47,138,23.0
2306,3.18,10:23,138,23.6
2307,3.18,11:45,139,23.6
2308,3.18,12:46,139,23.6
2309,3.18,13:58,140,23.6
2310,3.18,14:16,141,24.3
2311,3.18,15:04,140,24.3
2312,3.18,14:34,140,24.9
2313,3.18,15:35,141,24.9
2314,3.19,14:54,142,24.9
2315,3.19,15:04,142,24.9
2316,3.19,14:34,143,25.6
2317,3.19,14:44,143,25.6
2318,3.19,12:46,142,25.6
2319,3.19,12:11,142,25.6
2320,3.19,11:45,142,25.6
2321,3.2,10:33,142,24.9
2322,3.2,9:47,142,24.9
2323,3.2,9:56,143,24.9
2324,3.2,10:09,143,24.9
2325,3.2,10:18,143,24.9
2326,3.2,11:33,143,24.9
2327,3.2,11:39,143,24.9
2328,3.21,11:52,144,24.9
2329,3.21,11:58,144,24.9
2330,3.21,12:04,145,24.3
2331,3.21,12:25,145,24.3
2332,3.21,12:32,145,24.3
2333,3.21,12:46,144,24.3
2334,3.21,12:53,144,24.3
2335,3.22,11:58,144,24.3
2336,3.22,11:27,145,24.3
2337,3.22,11:58,144,23.6
2338,3.22,11:58,144,23.6
2339,3.22,12:11,145,23.6
2340,3.22,12:53,145,23.6
2341,3.22,12:53,146,23.0
2342,3.22,12:53,146,23.0
2343,3.23,13:41,146,22.3
2344,3.23,13:32,147,21.7
2345,3.23,13:58,147,21.7
2346,3.23,13:58,146,21.0
2347,3.23,14:25,147,20.3
2348,3.23,13:58,147,19.7
2349,3.23,13:49,148,19.7
2350,3.23,13:24,149,19.0
2351,3.24,13:32,149,18.4
2352,3.24,12:46,149,19.0
2353,3.24,12:11,149,18.4
2354,3.24,11:33,150,18.4
2355,3.24,11:05,150,18.4
2356,3.24,10:48,151,18.4
2357,3.24,10:48,151,18.4
2358,3.25,11:05,151,17.7
2359,3.25,12:25,152,17.7
2360,3.25,13:24,151,17.7
2361,3.25,13:58,152,17.1
2362,3.25,15:24,152,17.1
2363,3.25,15:57,152,17.7
2364,3.25,15:14,152,17.7
2365,3.25,16:09,152,17.1
2366,3.25,17:11,152,17.1
2367,3.25,17:11,152,17.7
2368,3.26,15:57,153,17.7
2369,3.26,16:45,153,17.7
2370,3.26,15:57,151,17.7
2371,3.26,15:04,151,17.1
2372,3.26,14:16,152,17.7
2373,3.26,14:25,151,17.7
2374,3.26,13:24,151,17.7
2375,3.26,13:08,151,18.4
2376,3.27,12:32,151,18.4
2377,3.27,12:46,151,18.4
2378,3.27,13:08,151,19.0
2379,3.27,12:39,151,19.0
2380,3.27,11:39,150,19.0
2381,3.27,10:59,151,19.0
2382,3.28,10:05,151,19.7
2383,3.28,9:34,150,19.7
2384,3.28,9:22,151,19.7
2385,3.28,9:26,151,19.7
2386,3.28,9:56,151,19.7
2387,3.28,10:18,151,19.7
2388,3.29,10:14,153,19.7
2389,3.29,10:43,153,19.0
2390,3.29,11:05,154,19.0
2391,3.29,11:52,154,19.0
2392,3.29,12:25,155,18.4
2393,3.29,13:01,156,17.7
2394,3.29,13:16,156,17.1
2395,3.29,13:49,157,17.1
2396,3.3,13:49,157,16.4
2397,3.3,13:32,156,16.4
2398,3.3,13:24,156,16.4
2399,3.3,13:49,155,16.4
2400,3.3,12:46,155,16.4
2401,3.3,12:32,155,16.4
2402,3.3,12:39,155,17.1
2403,3.3,12:32,155,17.1
2404,3.31,11:52,155,17.1
2405,3.31,12:18,155,17.1
2406,3.31,11:21,155,17.1
2407,3.31,10:59,155,17.1
2408,3.31,11:33,155,17.1
2409,3.31,11:39,155,17.1
2410,3.31,12:25,154,17.7
2411,3.32,13:32,154,17.7
2412,3.32,14:34,154,17.7
2413,3.32,14:44,155,17.7
2414,3.32,14:44,155,17.7
2415,3.32,14:34,154,17.1
2416,3.32,15:04,154,17.1
2417,3.32,14:34,154,16.4
2418,3.32,14:34,154,16.4
2419,3.32,15:14,154,16.4
2420,3.33,15:04,154,16.4
2421,3.33,14:44,154,16.4
2422,3.33,14:34,155,16.4
2423,3.33,14:16,155,17.1
2424,3.33,14:25,154,16.4
2425,3.33,14:25,154,16.4
2426,3.33,13:58,154,16.4
2427,3.33,15:14,153,16.4
2428,3.33,16:58,153,16.4
2429,3.33,17:25,154,16.4
2430,3.34,17:52,154,17.1
2431,3.34,18:37,154,17.7
2432,3.34,17:11,154,17.7
2433,3.34,15:46,153,18.4
2434,3.34,14:54,153,19.0
2435,3.34,13:58,153,19.0
2436,3.34,13:58,152,19.0
2437,3.34,13:41,153,19.0
2438,3.35,12:32,153,18.4
2439,3.35,13:01,153,17.1
2440,3.35,12:39,153,16.4
2441,3.35,11:52,152,15.1
2442,3.35,11:27,153,14.4
2443,3.35,11:39,153,13.8
2444,3.35,11:05,154,13.8
2445,3.36,11:39,154,13.8
2446,3.36,11:58,154,14.4
2447,3.36,11:52,154,15.1
2448,3.36,11:27,154,16.4
2449,3.36,11:16,154,17.1
2450,3.36,10:38,154,18.4
2451,3.36,10:38,154,18.4
2452,3.37,11:21,154,19.0
2453,3.37,11:52,154,19.0
2454,3.37,12:39,154,19.0
2455,3.37,12:39,154,19.7
2456,3.37,13:24,155,19.7
2457,3.37,13:24,156,19.7
2458,3.37,13:24,156,19.7
2459,3.37,13:08,156,19.7
2460,3.38,13:49,156,19.7
2461,3.38,13:01,156,19.0
2462,3.38,12:39,156,18.4
2463,3.38,13:49,156,18.4
2464,3.38,13:08,156,17.1
2465,3.38,13:32,155,17.1
2466,3.38,13:49,155,17.1
2467,3.38,14:25,155,17.1
2468,3.39,13:41,156,17.1
2469,3.39,13:58,155,17.1
2470,3.39,13:49,156,17.1
2471,3.39,14:07,156,16.4
2472,3.39,13:32,156,16.4
2473,3.39,14:25,157,16.4
2474,3.39,15:04,157,16.4
2475,3.39,15:35,157,16.4
2476,3.39,14:54,157,15.7
2477,3.4,15:04,157,15.7
2478,3.4,13:58,157,15.1
2479,3.4,13:32,156,15.1
2480,3.4,12:46,156,15.1
2481,3.4,13:16,156,15.7
2482,3.4,13:08,156,15.7
2483,3.4,13:08,155,16.4
2484,3.4,13:41,155,17.1
2485,3.41,13:58,155,17.1
2486,3.41,13:49,155,17.1
2487,3.41,14:34,155,17.7
2488,3.41,16:33,155,17.7
2489,3.41,17:25,155,17.7
2490,3.41,17:38,157,17.7
2491,3.41,16:45,157,17.7
2492,3.41,14:44,156,17.7
2493,3.42,12:53,156,17.7
2494,3.42,11:45,157,17.1
2495,3.42,11:16,157,17.1
2496,3.42,11:05,157,16.4
2497,3.42,11:16,156,16.4
2498,3.42,11:16,156,15.7
2499,3.42,11:45,156,15.1
2500,3.42,12:04,156,15.1
2501,3.43,13:24,156,15.7
2503,3.43,19:26,158,17.1
2504,3.43,20:37,157,18.4
2505,3.43,20:57,157,19.0
2506,3.43,18:53,157,19.0
2511,3.43,39:16,156,18.4
2512,3.43,37:24,158,17.7
2513,3.43,29:20,158,17.7
2514,3.44,24:23,157,17.1
2515,3.44,22:08,157,16.4
2516,3.44,12:11,157,15.7
2517,3.44,12:04,157,15.1
2518,3.44,11:39,157,15.1
2519,3.44,10:48,157,15.1
2520,3.45,9:56,157,15.7
2521,3.45,9:18,156,15.7
2522,3.45,9:18,157,15.7
2523,3.45,8:56,157,16.4
2524,3.45,9:14,157,16.4
2525,3.45,9:30,157,16.4
2526,3.46,9:30,159,16.4
2527,3.46,9:07,159,17.1
2528,3.46,9:38,159,17.7
2529,3.46,10:05,160,18.4
2530,3.46,10:18,160,18.4
2531,3.46,10:33,162,18.4
2532,3.47,10:33,163,17.7
2533,3.47,10:09,163,17.1
2534,3.47,9:47,163,17.1
2535,3.47,9:43,163,17.1
2536,3.47,9:56,163,17.7
2537,3.47,10:28,163,17.7
2538,3.48,10:59,163,17.7
2539,3.48,11:33,162,17.1
2540,3.48,11:52,163,16.4
2541,3.48,11:45,163,15.7
2542,3.48,11:27,163,15.1
2543,3.48,10:48,164,14.4
2544,3.48,10:05,164,14.4
2545,3.49,10:00,164,14.4
2546,3.49,10:14,164,14.4
2547,3.49,10:28,163,15.1
2548,3.49,10:59,164,15.1
2549,3.49,11:52,164,15.1
2550,3.49,12:25,165,15.1
2551,3.49,12:46,165,15.7
2552,3.5,13:24,166,15.1
2553,3.5,14:54,166,15.1
2554,3.5,14:16,167,14.4
2555,3.5,13:16,166,14.4
2556,3.5,12:53,166,14.4
2557,3.5,12:18,166,15.1
2558,3.5,11:10,167,15.7
2559,3.51,10:59,166,17.1
2560,3.51,11:10,166,17.7
2561,3.51,11:45,166,17.7
