elapsed_seconds,distance_miles,pace_per_mile,heartrate,altitude_ft
0,0.0,,83,173.2
1,0.0,16:45,73,171.9
2,0.0,16:15,73,171.9
3,0.0,15:28,75,171.9
4,0.01,14:54,75,171.3
5,0.01,14:34,76,171.3
6,0.01,13:58,77,171.3
7,0.01,13:32,79,171.3
8,0.01,13:32,80,171.3
9,0.01,13:41,82,171.3
10,0.01,13:41,84,171.3
11,0.01,13:49,86,171.3
12,0.02,13:58,88,171.3
13,0.02,13:58,89,170.6
14,0.02,13:58,90,170.6
15,0.02,14:16,91,170.6
16,0.02,14:16,93,169.9
17,0.02,14:16,93,169.9
18,0.02,14:16,93,169.9
19,0.02,14:16,94,169.9
20,0.02,14:07,95,169.9
21,0.03,14:07,96,169.9
22,0.03,17:38,97,169.9
23,0.03,23:31,97,169.9
24,0.03,20:19,98,169.9
25,0.03,24:23,99,169.3
26,0.03,16:21,100,169.3
27,0.03,15:46,101,169.3
28,0.03,15:35,102,169.9
29,0.03,18:22,102,169.9
30,0.03,17:52,103,169.9
31,0.03,34:23,103,169.9
32,0.03,30:28,103,169.9
33,0.03,21:59,103,169.3
34,0.04,22:43,104,169.3
35,0.04,24:23,106,168.6
36,0.04,21:59,106,168.6
37,0.04,18:07,106,168.6
38,0.04,18:37,105,169.3
39,0.04,18:07,105,169.3
40,0.04,15:04,104,169.9
41,0.04,15:14,104,169.9
42,0.04,16:09,104,169.9
43,0.04,17:25,104,170.6
44,0.05,16:58,104,170.6
45,0.05,19:26,105,169.9
46,0.05,22:43,104,169.9
47,0.05,26:17,104,169.9
48,0.05,25:47,104,169.9
49,0.05,27:22,103,169.9
50,0.05,22:21,103,169.9
51,0.05,19:43,103,169.9
52,0.05,17:52,101,169.9
53,0.05,15:35,104,169.3
54,0.05,15:57,104,169.3
55,0.05,18:37,105,169.3
56,0.05,18:37,108,168.6
57,0.06,16:58,108,169.3
58,0.06,17:38,108,169.3
59,0.06,15:14,108,169.3
60,0.06,14:25,108,169.3
61,0.06,14:16,108,169.3
62,0.06,15:24,107,169.3
63,0.06,16:58,109,169.3
64,0.06,20:19,109,169.3
65,0.06,19:26,109,169.3
66,0.07,16:33,108,169.3
67,0.07,15:24,110,169.3
68,0.07,14:54,110,169.3
69,0.07,14:25,111,169.3
70,0.07,14:54,109,169.3
71,0.07,17:38,111,169.3
72,0.07,20:01,111,169.3
73,0.07,19:26,111,169.3
74,0.07,17:38,112,169.3
75,0.07,19:09,110,169.3
76,0.07,20:01,110,169.9
77,0.08,17:52,109,169.9
78,0.08,18:22,109,169.9
79,0.08,17:52,108,169.9
80,0.08,16:45,109,169.9
81,0.08,15:24,111,169.9
82,0.08,16:09,112,169.9
83,0.08,17:11,114,169.3
84,0.08,20:37,114,169.3
85,0.08,22:21,115,169.3
86,0.08,21:17,116,169.3
87,0.09,20:37,116,169.3
88,0.09,18:53,116,168.6
89,0.09,16:58,116,169.3
90,0.09,14:16,116,168.6
91,0.09,14:16,115,168.6
92,0.09,15:04,115,168.6
93,0.09,13:49,116,168.0
94,0.09,13:24,115,168.0
95,0.09,15:57,116,167.3
96,0.1,14:25,116,167.3
97,0.1,12:53,116,167.3
98,0.1,12:42,117,167.3
99,0.1,12:18,117,167.3
100,0.1,11:39,118,167.3
101,0.1,13:24,118,167.3
102,0.1,15:35,117,168.0
103,0.1,17:18,117,168.0
104,0.1,21:17,115,168.0
105,0.1,21:17,114,168.0
106,0.11,20:01,113,168.0
107,0.11,20:01,114,168.0
108,0.11,20:19,115,168.0
109,0.11,18:37,116,167.3
110,0.11,17:38,116,167.3
111,0.11,18:07,117,167.3
112,0.11,15:46,117,167.3
113,0.11,14:34,117,166.7
114,0.11,14:07,117,167.3
115,0.12,13:32,116,167.3
116,0.12,12:46,116,168.0
117,0.12,13:08,115,168.6
118,0.12,13:41,116,169.3
119,0.12,13:49,115,169.9
120,0.12,13:49,115,169.9
121,0.12,14:44,116,169.3
122,0.12,14:44,115,168.6
123,0.12,15:04,115,168.0
124,0.13,14:44,113,166.7
125,0.13,15:46,111,166.0
126,0.13,14:54,111,166.0
127,0.13,14:34,112,165.4
128,0.13,15:04,112,165.4
129,0.13,15:24,113,165.4
130,0.13,14:16,113,166.0
131,0.13,14:07,113,166.0
132,0.14,13:49,113,166.0
133,0.14,13:08,114,166.0
134,0.14,12:53,113,166.0
135,0.14,13:32,113,167.3
136,0.14,14:34,113,168.0
137,0.14,15:46,113,168.0
138,0.14,15:57,113,168.6
139,0.14,18:07,114,168.6
140,0.14,20:01,113,168.0
141,0.14,21:59,113,168.0
142,0.14,25:47,114,167.3
143,0.14,29:48,115,167.3
144,0.15,31:11,115,166.7
145,0.15,33:31,115,166.7
146,0.15,29:48,116,166.0
147,0.15,23:56,116,165.4
148,0.15,20:57,116,165.4
149,0.15,19:09,117,164.7
150,0.15,17:11,118,164.7
151,0.15,15:46,118,165.4
152,0.15,15:35,118,165.4
153,0.15,14:54,118,166.0
154,0.16,13:49,118,166.7
155,0.16,13:24,118,167.3
156,0.16,13:01,119,167.3
157,0.16,12:53,120,167.3
158,0.16,12:46,121,166.7
159,0.16,13:32,122,166.7
160,0.16,14:16,123,166.0
161,0.16,15:14,123,165.4
162,0.16,15:46,124,165.4
163,0.17,17:25,123,165.4
164,0.17,16:58,125,165.4
165,0.17,16:09,124,165.4
166,0.17,15:35,124,164.7
167,0.17,15:04,124,164.7
168,0.17,14:34,124,164.0
169,0.17,13:32,123,163.4
170,0.17,13:24,123,163.4
171,0.17,13:58,122,163.4
172,0.18,14:16,122,163.4
173,0.18,14:16,122,163.4
174,0.18,14:34,122,164.0
175,0.18,14:54,121,164.0
176,0.18,14:07,122,164.7
177,0.18,13:24,122,164.7
178,0.18,13:24,122,165.4
179,0.18,13:24,122,166.0
180,0.19,13:16,122,166.0
181,0.19,13:16,122,166.7
182,0.19,13:08,123,167.3
183,0.19,13:08,124,167.3
184,0.19,13:49,124,167.3
185,0.19,13:41,125,167.3
186,0.19,13:58,125,167.3
187,0.19,14:44,126,166.7
188,0.2,15:14,126,166.7
189,0.2,15:14,126,166.7
190,0.2,16:09,125,166.7
191,0.2,17:25,121,166.7
192,0.2,17:11,121,167.3
193,0.2,16:33,122,167.3
194,0.2,16:58,123,167.3
195,0.2,16:09,124,168.0
196,0.2,14:44,124,168.0
197,0.2,14:07,123,168.0
198,0.21,13:32,122,168.0
199,0.21,12:39,122,168.0
200,0.21,12:32,123,168.6
201,0.21,12:53,124,168.6
202,0.21,13:24,126,168.0
203,0.21,14:16,127,168.6
204,0.21,14:54,127,168.6
205,0.21,14:25,128,168.6
206,0.22,14:34,129,168.6
207,0.22,14:54,129,168.6
208,0.22,13:58,129,168.6
209,0.22,13:58,129,168.6
210,0.22,15:04,129,168.6
211,0.22,15:35,129,168.0
212,0.22,15:35,130,168.0
213,0.22,17:38,130,167.3
214,0.22,17:25,130,167.3
215,0.23,15:46,130,167.3
216,0.23,13:58,130,167.3
217,0.23,13:41,130,167.3
218,0.23,12:25,130,167.3
219,0.23,13:08,130,167.3
220,0.23,14:34,131,168.0
221,0.23,15:04,131,168.0
222,0.23,14:34,131,168.6
223,0.24,15:24,130,168.6
224,0.24,14:16,130,168.6
225,0.24,13:16,128,168.6
226,0.24,14:07,128,169.3
227,0.24,15:04,127,169.3
228,0.24,13:58,127,169.3
229,0.24,13:32,127,169.3
230,0.24,13:41,128,169.3
231,0.24,12:53,127,169.3
232,0.25,12:11,129,169.3
233,0.25,12:53,129,169.9
234,0.25,13:58,129,169.9
235,0.25,13:58,130,169.9
236,0.25,14:54,131,170.6
237,0.25,15:14,131,170.6
238,0.25,15:35,131,170.6
239,0.25,14:34,132,170.6
240,0.26,14:34,133,170.6
241,0.26,13:49,133,169.9
242,0.26,13:16,133,169.9
243,0.26,13:01,133,169.9
244,0.26,13:58,133,169.9
245,0.26,13:32,134,170.6
246,0.26,13:49,133,170.6
247,0.26,14:44,134,171.3
248,0.26,14:44,134,171.3
249,0.27,14:25,134,171.9
250,0.27,15:14,133,171.9
251,0.27,15:35,133,171.9
252,0.27,15:14,133,171.9
253,0.27,14:54,133,172.6
254,0.27,14:44,132,173.2
255,0.27,14:44,133,173.2
256,0.27,15:24,132,173.2
257,0.27,16:09,132,173.9
258,0.28,15:14,132,173.9
259,0.28,14:16,132,173.9
260,0.28,13:41,132,173.2
261,0.28,11:58,131,173.9
262,0.28,11:05,130,173.9
263,0.28,11:39,130,173.9
264,0.28,12:25,129,173.9
265,0.29,12:39,129,173.9
266,0.29,12:53,129,173.9
267,0.29,13:32,129,173.2
268,0.29,12:25,131,173.2
269,0.29,11:58,131,172.6
270,0.29,11:45,132,172.6
271,0.29,12:04,134,172.6
272,0.3,11:52,134,173.2
273,0.3,12:46,135,173.2
274,0.3,12:32,135,173.2
275,0.3,12:39,134,173.2
276,0.3,12:53,133,173.2
277,0.3,13:41,132,173.2
278,0.3,13:41,133,173.2
279,0.3,14:16,132,173.2
280,0.3,14:54,132,173.2
281,0.31,15:04,133,173.2
282,0.31,14:54,132,172.6
283,0.31,15:14,134,173.2
284,0.31,15:24,136,173.2
285,0.31,15:46,136,173.9
286,0.31,15:04,136,173.9
287,0.31,12:53,136,173.2
288,0.31,11:58,137,173.2
289,0.32,11:05,136,172.6
290,0.32,10:23,136,172.6
291,0.32,9:47,136,172.6
292,0.32,10:28,136,172.6
293,0.32,10:54,136,173.2
294,0.32,11:16,137,173.2
295,0.32,11:45,137,173.2
296,0.33,13:08,139,173.2
297,0.33,13:32,139,173.2
298,0.33,13:58,139,173.2
299,0.33,14:34,140,172.6
300,0.33,14:16,141,172.6
301,0.33,13:58,140,172.6
302,0.33,13:41,141,173.2
303,0.33,13:41,141,173.2
304,0.34,13:58,140,173.2
305,0.34,14:07,140,173.9
306,0.34,13:41,140,173.9
307,0.34,13:08,140,173.9
308,0.34,13:49,141,174.5
309,0.34,13:16,140,174.5
310,0.34,12:53,141,174.5
311,0.34,13:16,141,174.5
312,0.35,14:25,142,174.5
313,0.35,14:07,142,174.5
314,0.35,15:14,143,174.5
315,0.35,16:33,143,174.5
316,0.35,18:07,143,173.9
317,0.35,18:53,142,173.9
318,0.35,18:22,143,173.9
319,0.35,16:45,142,173.9
320,0.35,15:14,142,173.9
321,0.35,14:16,143,173.9
322,0.36,13:08,142,173.9
323,0.36,13:16,143,173.9
324,0.36,14:07,143,174.5
325,0.36,14:54,142,174.5
326,0.36,14:54,142,174.5
327,0.36,14:16,143,174.5
328,0.36,13:16,143,174.5
329,0.37,11:21,143,174.5
330,0.37,10:18,143,174.5
331,0.37,9:47,142,174.5
332,0.37,10:00,142,175.2
333,0.37,10:05,141,175.2
334,0.37,10:38,142,175.2
335,0.37,11:33,142,175.9
336,0.38,12:25,142,175.9
337,0.38,12:46,143,175.2
338,0.38,13:01,144,175.2
339,0.38,13:41,145,175.2
340,0.38,13:58,144,174.5
341,0.38,14:25,145,174.5
342,0.38,16:09,144,174.5
343,0.38,15:46,144,174.5
344,0.39,13:49,144,175.2
345,0.39,12:39,144,175.2
346,0.39,11:33,145,175.2
347,0.39,10:28,145,175.2
348,0.39,10:23,145,175.2
349,0.39,11:21,145,175.2
350,0.39,11:39,145,175.2
351,0.4,12:11,147,175.2
352,0.4,12:25,147,175.2
353,0.4,12:14,146,175.2
354,0.4,11:45,146,175.2
355,0.4,11:52,146,175.2
356,0.4,11:52,146,175.2
357,0.4,12:25,146,175.2
358,0.4,12:50,147,175.2
359,0.41,13:08,148,175.2
360,0.41,13:32,148,175.2
361,0.41,14:07,148,175.2
362,0.41,14:25,148,175.2
363,0.41,15:24,148,175.2
364,0.41,15:46,149,174.5
365,0.41,16:58,149,174.5
366,0.41,16:58,148,174.5
367,0.41,15:24,148,174.5
368,0.42,14:07,148,174.5
369,0.42,13:08,148,174.5
370,0.42,11:52,148,175.2
371,0.42,11:33,147,174.5
372,0.42,11:58,147,174.5
373,0.42,12:04,147,174.5
374,0.42,12:32,145,173.9
375,0.43,12:39,143,173.9
376,0.43,12:53,143,173.2
377,0.43,12:32,141,173.2
378,0.43,12:39,140,173.2
379,0.43,13:16,139,173.2
380,0.43,14:07,138,173.2
381,0.43,13:32,136,173.2
382,0.43,14:07,130,173.2
383,0.44,14:34,130,173.2
384,0.44,15:04,131,173.2
385,0.44,14:54,131,173.2
386,0.44,14:16,131,173.2
387,0.44,13:49,131,173.2
388,0.44,13:41,132,173.2
389,0.44,12:32,132,173.2
390,0.44,12:32,132,173.2
391,0.44,14:34,132,173.2
392,0.45,14:54,132,173.2
393,0.45,15:14,132,173.2
394,0.45,16:09,132,172.6
395,0.45,16:33,133,172.6
396,0.45,15:14,133,172.6
397,0.45,15:04,133,172.6
398,0.45,14:44,133,171.9
399,0.45,14:44,133,171.9
400,0.45,14:25,133,171.9
401,0.46,13:32,134,171.9
402,0.46,13:24,133,171.9
403,0.46,13:16,133,171.3
404,0.46,12:53,133,171.3
405,0.46,11:39,133,171.3
406,0.46,11:52,134,171.3
407,0.46,11:21,135,171.3
408,0.47,11:16,135,171.3
409,0.47,10:54,135,171.3
410,0.47,11:39,136,171.3
411,0.47,11:33,137,171.3
412,0.47,11:58,138,171.3
413,0.47,12:25,139,171.3
414,0.47,12:25,140,171.3
415,0.48,12:25,140,171.3
416,0.48,12:39,140,171.3
417,0.48,12:53,140,171.3
418,0.48,12:25,138,171.3
419,0.48,13:01,137,171.3
420,0.48,12:46,136,171.3
421,0.48,12:46,136,170.6
422,0.48,12:53,136,170.6
423,0.49,13:16,136,170.6
424,0.49,13:08,136,170.6
425,0.49,13:24,136,169.9
426,0.49,13:49,136,169.9
427,0.49,13:58,136,169.9
428,0.49,13:49,136,169.9
429,0.49,14:07,137,169.3
430,0.49,13:58,137,169.3
431,0.5,13:01,137,169.3
432,0.5,12:04,137,169.9
433,0.5,11:39,137,169.9
434,0.5,11:27,137,169.3
435,0.5,11:21,136,169.3
436,0.5,11:39,137,168.6
437,0.5,11:58,135,168.6
438,0.51,12:11,136,168.6
439,0.51,12:18,137,169.3
440,0.51,12:11,137,169.3
441,0.51,12:04,136,169.3
442,0.51,12:11,137,169.3
443,0.51,12:25,137,169.3
444,0.51,12:46,138,168.6
445,0.51,13:32,137,169.3
446,0.52,13:58,137,169.3
447,0.52,13:49,138,169.3
448,0.52,13:58,137,169.3
449,0.52,13:08,136,169.3
450,0.52,12:53,137,169.3
451,0.52,12:25,137,169.9
452,0.52,12:39,137,169.9
453,0.53,12:25,137,169.9
454,0.53,12:46,137,169.9
455,0.53,12:53,137,169.9
456,0.53,13:01,138,169.9
457,0.53,12:46,137,169.9
458,0.53,13:24,137,169.9
459,0.53,13:16,137,169.9
460,0.53,12:53,138,169.9
461,0.54,13:49,139,169.9
462,0.54,13:24,140,170.6
463,0.54,12:46,140,170.6
464,0.54,13:01,140,170.6
465,0.54,13:32,140,169.9
466,0.54,12:39,142,169.9
467,0.54,13:08,142,169.9
468,0.54,13:49,142,169.9
469,0.55,13:08,141,169.9
470,0.55,12:39,140,169.9
471,0.55,12:11,140,169.3
472,0.55,12:11,140,169.3
473,0.55,11:21,140,169.3
474,0.55,11:10,140,169.3
475,0.55,11:33,139,169.3
476,0.56,12:18,140,169.3
477,0.56,11:52,141,169.3
478,0.56,11:39,142,169.3
479,0.56,12:25,143,169.3
480,0.56,11:58,144,169.3
481,0.56,12:04,145,169.3
482,0.56,13:01,144,168.6
483,0.56,13:58,145,168.6
484,0.57,14:34,145,168.6
485,0.57,15:14,145,168.0
486,0.57,15:14,145,168.0
487,0.57,14:34,146,168.0
488,0.57,14:16,146,168.0
489,0.57,13:24,145,168.0
490,0.57,13:08,146,168.0
491,0.57,13:01,146,168.0
492,0.58,12:53,146,168.6
493,0.58,12:39,147,168.6
494,0.58,12:46,147,168.6
495,0.58,12:18,145,168.6
496,0.58,12:04,145,168.6
497,0.58,11:52,144,168.6
498,0.58,12:04,144,168.6
499,0.59,11:58,144,168.6
500,0.59,12:32,144,168.6
501,0.59,12:39,145,168.6
502,0.59,13:01,145,168.6
503,0.59,12:11,145,168.6
504,0.59,11:21,145,168.6
505,0.59,9:51,146,168.0
506,0.6,9:00,147,168.0
507,0.6,8:32,147,168.0
508,0.6,8:07,147,168.0
509,0.6,8:13,147,168.0
510,0.6,8:29,149,168.6
511,0.61,9:07,150,168.6
512,0.61,9:18,150,169.3
513,0.61,10:14,151,169.3
514,0.61,10:43,151,169.3
515,0.61,11:10,153,169.3
516,0.61,11:27,154,169.9
517,0.61,11:52,154,169.9
518,0.62,11:45,156,170.6
519,0.62,11:58,156,171.3
520,0.62,12:53,157,171.3
521,0.62,12:53,157,171.9
522,0.62,13:24,156,171.9
523,0.62,14:07,156,171.9
524,0.62,14:07,156,171.9
525,0.62,14:16,155,171.9
526,0.63,14:44,156,171.9
527,0.63,14:44,156,171.9
528,0.63,13:58,157,171.9
529,0.63,13:41,157,171.9
530,0.63,13:01,157,172.6
531,0.63,12:11,157,172.6
532,0.63,12:32,157,172.6
533,0.63,13:32,157,173.2
534,0.64,14:34,157,173.2
535,0.64,14:44,158,173.2
536,0.64,15:35,158,173.9
537,0.64,14:44,158,173.9
538,0.64,13:01,158,173.9
539,0.64,12:53,157,173.9
540,0.64,13:16,157,174.5
541,0.64,13:16,158,174.5
542,0.65,13:16,158,174.5
543,0.65,14:44,158,174.5
544,0.65,13:58,158,174.5
545,0.65,14:07,158,175.2
546,0.65,14:54,158,175.2
547,0.65,14:54,158,175.9
548,0.65,14:16,159,175.9
549,0.65,15:24,159,175.9
550,0.65,15:04,159,175.9
551,0.66,14:07,159,175.9
552,0.66,14:25,158,175.9
553,0.66,14:54,158,176.5
554,0.66,13:24,158,176.5
555,0.66,12:18,158,176.5
556,0.66,11:58,158,176.5
557,0.66,11:16,158,176.5
558,0.66,11:39,158,177.2
559,0.67,12:53,158,177.2
560,0.67,14:16,157,177.8
561,0.67,15:14,157,177.8
562,0.67,15:35,157,177.8
563,0.67,14:34,157,177.8
564,0.67,13:32,157,177.8
565,0.67,13:41,157,177.8
566,0.67,13:41,156,178.5
567,0.68,13:41,156,178.5
568,0.68,13:32,155,178.5
569,0.68,13:08,154,179.1
570,0.68,12:32,154,179.8
571,0.68,12:04,154,179.8
572,0.68,12:32,154,179.8
573,0.68,12:04,154,180.4
574,0.68,12:25,155,180.4
575,0.69,13:01,155,180.4
576,0.69,13:16,155,180.4
577,0.69,13:01,156,180.4
578,0.69,13:08,156,181.1
579,0.69,13:01,156,181.1
580,0.69,12:25,155,181.1
581,0.69,12:32,154,181.1
582,0.69,12:46,152,181.8
583,0.7,13:16,152,181.1
584,0.7,14:07,151,181.8
585,0.7,14:34,150,181.8
586,0.7,14:54,149,181.8
587,0.7,15:04,149,182.4
588,0.7,16:09,150,182.4
589,0.7,15:46,151,182.4
590,0.7,15:24,153,183.1
591,0.71,13:49,153,183.1
592,0.71,12:32,153,183.1
593,0.71,11:52,154,183.1
594,0.71,11:52,154,183.1
595,0.71,12:18,154,183.1
596,0.71,13:16,154,183.7
597,0.71,15:04,155,183.7
598,0.71,16:09,154,183.7
599,0.71,15:57,155,183.7
600,0.72,15:46,154,183.7
601,0.72,15:24,155,183.7
602,0.72,14:44,155,183.7
603,0.72,13:24,155,184.4
604,0.72,13:32,155,184.4
605,0.72,13:41,154,183.7
606,0.72,14:07,153,183.7
607,0.72,14:25,152,183.7
608,0.73,15:24,153,184.4
609,0.73,15:35,153,184.4
610,0.73,15:24,154,185.0
611,0.73,15:24,154,185.0
612,0.73,15:04,155,185.0
613,0.73,14:54,155,185.0
614,0.73,14:25,156,185.0
615,0.73,15:14,155,185.0
616,0.73,14:54,155,185.0
617,0.73,15:46,155,184.4
618,0.74,15:57,155,184.4
619,0.74,15:46,156,184.4
620,0.74,15:35,156,184.4
621,0.74,15:57,156,185.0
622,0.74,15:35,155,185.0
623,0.74,15:14,155,185.0
624,0.74,15:46,155,185.7
625,0.74,15:04,155,186.4
626,0.75,13:41,155,186.4
627,0.75,13:01,155,187.0
628,0.75,13:01,155,187.0
629,0.75,12:39,155,187.0
630,0.75,12:39,154,187.7
631,0.75,13:16,153,187.7
632,0.75,13:58,153,187.7
633,0.75,14:16,153,188.3
634,0.75,14:25,152,188.3
635,0.76,14:34,151,189.0
636,0.76,14:34,151,189.0
637,0.76,14:34,151,189.0
638,0.76,14:25,151,189.0
639,0.76,14:07,152,189.6
640,0.76,14:34,153,189.6
641,0.76,15:24,153,190.3
642,0.76,14:44,153,190.3
643,0.76,14:54,153,190.9
644,0.77,15:04,152,190.9
645,0.77,14:16,153,190.9
646,0.77,13:49,153,190.9
647,0.77,14:16,152,191.6
648,0.77,14:16,152,191.6
649,0.77,14:54,153,191.6
650,0.77,15:46,153,191.6
651,0.77,15:04,153,192.3
652,0.78,14:34,152,192.3
653,0.78,15:14,153,192.9
654,0.78,14:44,154,192.9
655,0.78,14:07,153,193.6
656,0.78,14:25,153,193.6
657,0.78,13:58,153,193.6
658,0.78,12:39,153,193.6
659,0.78,12:32,152,194.2
660,0.79,12:32,151,194.2
661,0.79,12:32,151,194.2
662,0.79,12:46,151,194.2
663,0.79,13:08,152,194.2
664,0.79,13:01,152,194.2
665,0.79,12:39,152,193.6
666,0.79,12:39,153,194.2
667,0.79,12:46,153,194.2
668,0.8,13:16,154,194.2
669,0.8,13:58,153,194.2
670,0.8,14:34,154,194.2
671,0.8,15:14,154,194.9
672,0.8,14:25,154,194.9
673,0.8,13:58,155,195.5
674,0.8,13:16,156,195.5
675,0.8,12:46,157,195.5
676,0.81,12:18,157,196.2
677,0.81,13:01,158,196.2
678,0.81,13:08,158,196.2
679,0.81,13:41,158,196.2
680,0.81,14:07,158,196.2
681,0.81,14:44,158,196.9
682,0.81,15:24,158,196.9
683,0.81,15:35,159,196.9
684,0.81,14:44,160,196.9
685,0.82,15:14,160,196.9
686,0.82,15:14,161,196.9
687,0.82,14:34,161,196.9
688,0.82,14:07,162,197.5
689,0.82,14:44,162,197.5
690,0.82,13:58,161,197.5
691,0.82,13:24,160,198.2
692,0.82,13:49,160,198.2
693,0.83,13:41,160,198.2
694,0.83,13:08,160,198.2
695,0.83,13:24,161,198.2
696,0.83,13:49,161,198.8
697,0.83,13:16,161,198.8
698,0.83,13:41,161,198.8
699,0.83,14:16,161,198.8
700,0.83,13:41,162,198.8
701,0.83,13:24,163,198.8
702,0.84,13:49,163,199.5
703,0.84,13:32,163,199.5
704,0.84,13:24,162,199.5
705,0.84,14:34,161,199.5
706,0.84,14:34,161,200.1
707,0.84,14:07,161,200.1
708,0.84,14:07,161,200.1
709,0.84,13:58,160,200.8
710,0.85,12:46,160,200.8
711,0.85,13:16,160,200.8
712,0.85,13:49,160,200.8
713,0.85,13:58,161,200.8
714,0.85,14:25,160,200.8
715,0.85,15:46,161,200.8
716,0.85,14:25,160,201.4
717,0.85,13:32,160,201.4
718,0.86,13:32,160,201.4
719,0.86,13:16,160,201.4
720,0.86,13:01,160,201.4
721,0.86,13:49,160,202.1
722,0.86,14:16,160,202.1
723,0.86,14:25,159,202.1
724,0.86,13:32,160,202.1
725,0.86,13:16,161,202.1
726,0.87,12:46,161,202.1
727,0.87,12:18,161,202.8
728,0.87,11:58,160,202.8
729,0.87,12:25,160,202.8
730,0.87,12:46,161,203.4
731,0.87,13:32,161,203.4
732,0.87,14:16,162,204.1
733,0.87,14:07,162,204.1
734,0.88,13:58,163,204.7
735,0.88,13:41,163,204.7
736,0.88,13:49,162,205.4
737,0.88,13:49,161,205.4
738,0.88,13:58,161,205.4
739,0.88,14:34,160,206.0
740,0.88,14:34,161,206.0
741,0.88,13:58,162,206.0
742,0.88,14:16,162,206.0
743,0.89,14:44,162,206.7
744,0.89,14:07,162,206.7
745,0.89,13:49,161,207.3
746,0.89,13:58,161,207.3
747,0.89,14:07,162,207.3
748,0.89,15:04,162,207.3
752,0.89,47:53,162,207.3
753,0.89,36:14,161,207.3
754,0.89,29:15,160,207.3
755,0.9,26:49,159,207.3
756,0.9,23:35,159,207.3
757,0.9,14:16,159,208.0
758,0.9,13:41,158,208.7
759,0.9,13:49,158,208.7
760,0.9,13:01,157,209.3
761,0.9,14:07,158,209.3
762,0.9,14:16,158,209.3
763,0.91,15:04,159,210.0
764,0.91,14:25,159,210.0
765,0.91,14:44,158,210.6
766,0.91,13:58,158,210.6
767,0.91,13:58,158,211.3
768,0.91,14:16,157,211.3
769,0.91,14:07,157,211.9
770,0.91,14:25,157,211.9
771,0.91,14:07,157,211.9
772,0.92,14:34,158,211.9
773,0.92,14:44,159,212.6
774,0.92,15:14,158,212.6
775,0.92,15:24,158,212.6
776,0.92,16:33,159,213.3
777,0.92,16:09,159,213.3
778,0.92,16:09,159,213.3
779,0.92,16:09,159,213.3
780,0.92,15:35,160,213.9
781,0.93,14:25,160,213.9
782,0.93,13:49,162,213.9
783,0.93,12:32,161,214.6
784,0.93,12:46,160,214.6
785,0.93,12:25,161,214.6
786,0.93,12:18,161,214.6
787,0.93,15:14,161,214.6
788,0.93,14:07,161,214.6
789,0.94,13:49,161,214.6
790,0.94,14:34,161,214.6
791,0.94,15:04,160,215.2
792,0.94,12:18,159,215.2
793,0.94,13:58,158,215.9
794,0.94,14:25,158,216.5
795,0.94,14:16,159,216.5
796,0.94,14:07,159,216.5
797,0.94,14:54,159,217.2
798,0.95,15:35,159,217.2
799,0.95,15:46,160,217.2
800,0.95,15:57,161,217.8
801,0.95,15:46,160,217.8
802,0.95,15:04,160,218.5
803,0.95,14:44,159,218.5
804,0.95,13:58,158,219.2
805,0.95,13:58,157,219.2
806,0.95,14:07,156,219.8
807,0.96,14:25,156,219.8
808,0.96,14:54,155,220.5
809,0.96,15:24,154,220.5
810,0.96,16:09,154,220.5
811,0.96,16:58,154,220.5
812,0.96,18:22,154,221.1
813,0.96,17:52,154,221.1
814,0.96,17:38,154,221.1
815,0.96,16:58,154,221.8
816,0.96,16:58,155,221.8
817,0.97,16:58,155,222.4
818,0.97,17:25,156,222.4
819,0.97,17:52,157,222.4
820,0.97,18:37,157,223.1
821,0.97,18:37,157,223.1
822,0.97,15:35,157,223.8
823,0.97,15:35,157,223.8
824,0.97,16:33,156,224.4
825,0.97,15:46,158,224.4
826,0.97,15:35,158,224.4
827,0.98,17:25,158,224.4
828,0.98,16:33,157,225.1
829,0.98,15:46,157,225.1
830,0.98,15:35,157,225.1
831,0.98,15:35,157,225.7
832,0.98,14:07,156,225.7
833,0.98,13:41,157,225.7
834,0.98,12:53,157,225.7
835,0.99,12:39,157,225.7
836,0.99,11:45,156,226.4
837,0.99,11:58,156,226.4
838,0.99,13:16,157,226.4
839,0.99,13:58,158,226.4
840,0.99,14:54,157,227.0
841,0.99,16:21,157,227.0
842,0.99,17:52,158,227.0
843,0.99,17:52,158,227.0
844,0.99,17:11,158,227.0
845,1.0,16:33,159,227.0
846,1.0,16:33,159,227.0
847,1.0,15:24,159,227.7
848,1.0,14:16,159,227.7
849,1.0,14:34,159,228.3
850,1.0,14:34,158,228.3
851,1.0,14:34,158,229.0
852,1.0,15:46,158,229.0
853,1.0,16:09,158,229.7
854,1.01,15:24,157,229.7
855,1.01,14:54,157,229.7
856,1.01,16:45,157,229.7
857,1.01,16:33,157,229.7
858,1.01,17:52,157,229.7
859,1.01,17:52,157,229.7
860,1.01,17:52,157,230.3
861,1.01,13:41,157,230.3
862,1.02,11:27,158,231.0
863,1.02,10:23,159,231.0
864,1.02,10:28,159,231.6
865,1.02,10:23,159,232.3
866,1.02,11:45,158,232.3
867,1.02,13:58,158,232.9
868,1.02,15:24,157,232.9
869,1.02,15:57,157,233.6
870,1.03,16:09,157,233.6
871,1.03,15:14,157,233.6
872,1.03,14:34,157,233.6
873,1.03,13:32,157,234.3
874,1.03,13:16,156,234.3
875,1.03,13:49,156,234.3
876,1.03,14:07,156,234.3
877,1.03,14:34,156,234.3
878,1.03,14:54,156,234.9
879,1.04,14:44,156,234.9
880,1.04,15:04,157,235.6
881,1.04,14:54,157,235.6
882,1.04,14:44,157,235.6
883,1.04,14:44,156,235.6
884,1.04,14:44,156,236.2
885,1.04,14:25,155,236.2
886,1.04,14:44,155,236.9
887,1.04,17:38,154,237.5
888,1.04,20:19,154,237.5
889,1.05,20:01,154,236.9
890,1.05,18:37,154,236.2
891,1.05,16:58,155,235.6
892,1.05,14:07,155,234.9
893,1.05,12:25,154,234.9
894,1.05,12:39,153,234.9
895,1.05,13:08,154,234.9
896,1.05,13:24,152,234.9
897,1.06,12:46,152,234.3
898,1.06,12:53,152,233.6
899,1.06,12:39,152,233.6
900,1.06,12:18,152,232.9
901,1.06,12:53,152,232.9
902,1.06,13:41,152,232.9
903,1.06,13:32,151,232.3
904,1.06,13:41,152,232.3
905,1.07,13:58,153,231.6
906,1.07,13:08,153,231.6
907,1.07,13:08,152,232.3
908,1.07,13:01,152,232.3
909,1.07,13:01,151,232.3
910,1.07,12:25,152,231.6
911,1.07,12:53,151,231.6
912,1.08,11:52,150,231.6
913,1.08,11:39,151,231.6
914,1.08,10:54,151,231.0
915,1.08,10:43,151,231.0
916,1.08,10:43,152,231.0
917,1.08,11:52,152,231.0
918,1.08,12:04,154,230.3
919,1.09,12:32,153,230.3
920,1.09,11:58,154,230.3
921,1.09,11:39,154,230.3
922,1.09,10:54,155,230.3
923,1.09,10:54,155,230.3
924,1.09,10:59,155,230.3
925,1.09,11:58,155,229.7
926,1.1,11:52,155,229.7
927,1.1,11:45,155,229.0
928,1.1,11:39,156,229.0
929,1.1,11:52,156,229.0
930,1.1,11:21,156,228.3
931,1.1,11:27,155,227.7
932,1.1,11:21,156,227.7
933,1.11,12:04,156,227.7
934,1.11,12:04,156,227.7
935,1.11,12:25,156,227.0
936,1.11,12:18,156,227.0
937,1.11,13:01,156,227.0
938,1.11,12:32,157,226.4
939,1.11,12:39,157,225.7
940,1.11,12:46,156,225.7
941,1.12,13:16,157,225.7
942,1.12,12:46,157,225.7
943,1.12,11:58,157,225.7
944,1.12,11:10,158,225.7
945,1.12,10:48,158,225.1
946,1.12,10:00,158,225.1
947,1.13,10:00,159,224.4
948,1.13,10:38,159,224.4
949,1.13,11:21,159,224.4
950,1.13,11:05,159,224.4
951,1.13,11:27,158,224.4
952,1.13,11:10,158,224.4
953,1.14,10:18,158,224.4
954,1.14,10:14,159,223.8
955,1.14,10:33,159,223.8
956,1.14,10:48,159,223.1
957,1.14,11:10,158,223.1
958,1.14,12:18,158,222.4
959,1.14,12:32,158,222.4
960,1.14,12:25,157,221.8
961,1.15,12:39,158,221.1
962,1.15,12:18,158,220.5
963,1.15,11:45,156,220.5
964,1.15,11:27,156,219.8
965,1.15,11:21,156,219.8
966,1.15,11:10,157,219.8
967,1.16,11:16,157,219.8
968,1.16,11:33,158,219.8
969,1.16,11:21,158,219.2
970,1.16,12:18,158,219.2
971,1.16,12:46,159,219.2
972,1.16,13:24,159,219.2
973,1.16,14:16,159,219.2
974,1.16,15:14,158,219.2
975,1.16,14:07,157,219.2
976,1.17,13:24,156,218.5
977,1.17,12:53,156,218.5
978,1.17,11:33,155,218.5
979,1.17,11:05,155,218.5
980,1.17,11:21,154,217.8
981,1.17,11:45,154,217.8
982,1.17,12:11,154,217.8
983,1.18,13:01,153,217.2
984,1.18,13:08,152,217.2
985,1.18,12:46,151,216.5
986,1.18,12:04,151,215.9
987,1.18,12:04,151,215.9
988,1.18,11:58,151,215.9
989,1.18,11:58,152,215.9
990,1.19,12:04,151,215.9
991,1.19,12:32,151,215.9
992,1.19,12:25,151,215.9
993,1.19,12:25,151,215.9
994,1.19,12:39,151,215.2
995,1.19,13:01,151,215.2
996,1.19,13:08,151,215.2
997,1.19,13:08,151,214.6
998,1.2,13:16,151,214.6
999,1.2,13:32,151,214.6
1000,1.2,13:08,150,213.9
1001,1.2,12:11,149,214.6
1002,1.2,12:25,149,214.6
1003,1.2,11:39,149,214.6
1004,1.2,11:27,148,213.9
1005,1.21,12:11,149,213.3
1006,1.21,13:24,149,213.3
1007,1.21,13:24,148,212.6
1008,1.21,13:58,148,211.9
1009,1.21,13:41,148,212.6
1010,1.21,13:16,149,212.6
1011,1.21,12:53,149,212.6
1012,1.21,12:46,149,211.9
1013,1.22,12:18,150,211.9
1014,1.22,12:32,150,211.3
1015,1.22,12:25,151,210.6
1016,1.22,12:18,151,210.6
1017,1.22,11:45,151,210.0
1018,1.22,12:11,151,209.3
1019,1.22,11:52,150,208.7
1020,1.23,11:27,151,208.7
1021,1.23,11:33,151,208.0
1022,1.23,11:52,151,208.7
1023,1.23,11:58,150,208.7
1024,1.23,12:04,151,208.7
1025,1.23,12:32,151,209.3
1026,1.23,13:01,152,209.3
1027,1.23,13:16,152,209.3
1028,1.24,13:16,152,208.7
1029,1.24,12:53,152,209.3
1030,1.24,12:11,152,209.3
1031,1.24,11:58,152,209.3
1032,1.24,11:52,152,209.3
1033,1.24,12:11,152,209.3
1034,1.24,12:32,152,209.3
1035,1.25,13:16,151,208.7
1036,1.25,13:08,151,208.7
1037,1.25,12:53,152,208.0
1038,1.25,12:46,150,208.0
1039,1.25,12:46,149,208.0
1040,1.25,12:25,148,208.0
1041,1.25,11:58,149,208.0
1042,1.25,12:04,149,208.0
1043,1.26,11:58,148,208.0
1044,1.26,11:52,148,207.3
1045,1.26,11:58,148,206.7
1046,1.26,12:25,149,206.7
1047,1.26,12:39,147,206.7
1048,1.26,12:53,146,206.0
1049,1.26,13:01,145,206.0
1050,1.27,13:16,146,206.0
1051,1.27,16:33,146,205.4
1052,1.27,13:41,146,204.7
1053,1.27,14:16,147,204.1
1054,1.27,14:34,147,204.1
1055,1.27,14:54,147,203.4
1056,1.27,12:32,147,203.4
1057,1.27,15:04,148,202.8
1058,1.27,14:16,149,202.8
1059,1.28,14:07,149,202.1
1060,1.28,13:41,149,202.1
1061,1.28,12:46,150,202.1
1062,1.28,11:39,150,202.1
1063,1.28,11:21,150,202.1
1064,1.28,10:28,150,202.1
1065,1.28,10:18,149,202.1
1066,1.29,10:54,148,201.4
1067,1.29,12:04,147,200.8
1068,1.29,13:01,147,200.8
1069,1.29,14:25,146,200.1
1070,1.29,14:44,146,200.1
1071,1.29,13:41,148,200.1
1072,1.29,13:01,148,200.1
1073,1.29,11:52,148,200.1
1074,1.3,11:39,148,199.5
1075,1.3,11:21,149,198.8
1076,1.3,11:05,148,198.8
1077,1.3,10:43,147,198.2
1078,1.3,11:05,149,198.2
1079,1.3,10:28,149,198.2
1080,1.31,10:48,149,198.2
1081,1.31,11:27,150,198.2
1082,1.31,12:04,150,198.2
1083,1.31,11:58,150,198.2
1084,1.31,13:32,150,198.8
1085,1.31,14:07,150,198.2
1086,1.31,13:58,149,198.2
1087,1.31,14:07,148,198.2
1088,1.32,14:34,148,197.5
1089,1.32,13:49,147,196.9
1090,1.32,13:08,149,196.9
1091,1.32,13:24,149,196.9
1092,1.32,13:24,150,196.2
1093,1.32,13:01,150,196.2
1094,1.32,12:53,149,195.5
1095,1.32,12:46,150,195.5
1096,1.33,12:32,151,195.5
1097,1.33,11:52,150,195.5
1098,1.33,11:58,151,195.5
1099,1.33,12:04,151,194.9
1100,1.33,12:11,151,194.2
1101,1.33,12:25,151,194.2
1102,1.33,13:32,151,193.6
1103,1.33,13:41,151,193.6
1104,1.34,13:41,151,193.6
1105,1.34,13:58,151,193.6
1106,1.34,13:41,152,193.6
1107,1.34,12:53,152,193.6
1108,1.34,12:32,153,193.6
1109,1.34,12:39,153,193.6
1110,1.34,12:25,154,194.2
1111,1.35,12:32,154,193.6
1112,1.35,12:32,155,193.6
1113,1.35,12:39,156,193.6
1114,1.35,12:39,156,192.9
1115,1.35,13:01,157,192.9
1116,1.35,12:46,157,192.9
1117,1.35,12:25,157,192.9
1118,1.35,12:04,157,192.3
1119,1.36,11:58,157,191.6
1120,1.36,11:27,156,191.6
1121,1.36,11:10,156,190.9
1122,1.36,11:52,154,190.9
1123,1.36,12:25,153,190.9
1124,1.36,12:11,150,190.9
1125,1.36,12:25,148,190.9
1126,1.37,13:24,146,190.9
1127,1.37,12:53,146,190.9
1128,1.37,12:39,146,190.9
1129,1.37,12:46,146,190.9
1130,1.37,13:01,146,190.3
1131,1.37,12:18,146,190.3
1132,1.37,12:18,146,189.6
1133,1.37,12:46,146,189.6
1134,1.38,12:53,146,189.0
1135,1.38,12:32,146,189.0
1136,1.38,12:39,146,188.3
1137,1.38,12:32,145,188.3
1138,1.38,11:45,146,187.7
1139,1.38,11:33,146,187.7
1140,1.38,11:45,145,187.7
1141,1.39,11:58,145,187.0
1142,1.39,11:58,145,187.0
1143,1.39,12:25,145,187.0
1144,1.39,13:01,145,187.7
1145,1.39,12:39,145,187.0
1146,1.39,12:11,145,187.0
1147,1.39,12:18,145,186.4
1148,1.4,12:18,146,186.4
1149,1.4,11:21,146,185.7
1150,1.4,11:21,147,185.0
1151,1.4,11:52,148,185.0
1152,1.4,11:39,149,184.4
1153,1.4,11:33,151,184.4
1154,1.4,12:46,151,183.7
1155,1.4,12:32,152,183.1
1156,1.41,12:11,153,183.1
1157,1.41,12:46,154,182.4
1158,1.41,12:53,154,181.8
1159,1.41,12:18,154,181.8
1160,1.41,12:53,154,181.8
1161,1.41,13:16,155,181.8
1162,1.41,13:08,155,181.1
1163,1.42,12:53,154,181.1
1164,1.42,13:16,154,181.1
1165,1.42,13:41,153,181.1
1166,1.42,13:24,152,180.4
1167,1.42,13:16,152,180.4
1168,1.42,14:07,152,180.4
1169,1.42,13:32,152,180.4
1170,1.42,13:08,152,180.4
1171,1.42,13:24,152,180.4
1172,1.43,13:32,152,180.4
1173,1.43,12:46,155,180.4
1174,1.43,13:08,155,180.4
1175,1.43,13:01,154,180.4
1176,1.43,12:39,153,180.4
1177,1.43,12:04,153,179.8
1178,1.43,15:14,153,179.8
1179,1.44,12:25,154,179.8
1180,1.44,12:46,154,179.8
1181,1.44,13:16,154,179.1
1182,1.44,13:32,153,179.1
1183,1.44,11:16,153,178.5
1184,1.44,13:41,152,177.8
1185,1.44,13:41,151,177.8
1186,1.44,13:32,151,177.8
1187,1.45,13:49,151,177.8
1188,1.45,14:07,152,177.8
1189,1.45,14:07,151,177.8
1190,1.45,13:32,149,177.2
1191,1.45,13:24,148,177.2
1192,1.45,13:16,149,177.2
1193,1.45,12:39,148,176.5
1194,1.45,12:32,149,176.5
1195,1.46,13:01,149,176.5
1196,1.46,12:53,149,175.9
1197,1.46,12:46,149,175.9
1198,1.46,12:32,148,175.9
1199,1.46,12:25,148,175.2
1200,1.46,12:04,147,175.2
1201,1.46,12:32,146,175.2
1202,1.46,12:39,147,174.5
1203,1.47,12:53,148,174.5
1204,1.47,12:46,148,174.5
1205,1.47,12:11,148,173.9
1206,1.47,11:52,147,173.9
1207,1.47,11:58,147,173.9
1208,1.47,11:52,147,173.9
1209,1.47,12:04,147,173.9
1210,1.48,13:01,147,173.2
1211,1.48,12:39,147,172.6
1212,1.48,12:25,147,172.6
1213,1.48,12:25,148,171.9
1214,1.48,11:10,147,171.9
1215,1.48,10:38,148,171.3
1216,1.48,10:23,148,171.3
1217,1.49,9:56,148,171.3
1218,1.49,9:51,148,171.3
1219,1.49,10:54,149,171.3
1220,1.49,11:27,150,170.6
1221,1.49,11:45,151,170.6
1222,1.49,12:32,151,170.6
1223,1.49,13:01,152,170.6
1224,1.5,12:53,152,170.6
1225,1.5,12:32,153,170.6
1226,1.5,13:08,154,171.3
1227,1.5,13:49,154,171.3
1228,1.5,13:41,154,171.3
1229,1.5,13:24,154,171.3
1230,1.5,13:41,155,171.3
1231,1.5,13:16,155,171.3
1232,1.51,13:24,155,171.3
1233,1.51,14:16,156,171.3
1234,1.51,14:34,156,171.9
1235,1.51,14:25,156,171.9
1236,1.51,15:14,157,172.6
1237,1.51,13:41,158,172.6
1238,1.51,12:25,158,172.6
1239,1.51,11:39,158,171.9
1240,1.52,11:45,159,172.6
1241,1.52,10:54,159,172.6
1242,1.52,11:21,159,171.9
1243,1.52,12:18,160,171.9
1244,1.52,13:08,160,171.9
1245,1.52,12:32,162,171.3
1246,1.52,12:46,162,171.3
1247,1.53,12:25,162,171.3
1248,1.53,11:52,162,171.9
1249,1.53,11:33,162,171.9
1250,1.53,12:11,162,171.9
1251,1.53,12:32,162,171.9
1252,1.53,12:25,162,171.9
1253,1.53,12:39,163,171.9
1254,1.53,13:24,163,171.9
1255,1.54,12:25,163,171.9
1256,1.54,12:46,162,171.9
1257,1.54,13:16,162,171.9
1258,1.54,13:32,161,171.9
1259,1.54,13:16,161,171.9
1260,1.54,14:25,161,171.3
1261,1.54,13:49,161,171.3
1262,1.54,13:41,161,170.6
1263,1.55,13:01,162,169.9
1264,1.55,12:32,164,169.9
1265,1.55,12:04,164,169.9
1266,1.55,11:58,164,169.9
1267,1.55,12:18,164,169.9
1268,1.55,12:32,163,170.6
1269,1.55,12:53,163,170.6
1270,1.56,13:24,163,171.3
1271,1.56,13:49,163,171.3
1272,1.56,13:32,163,170.6
1273,1.56,13:08,164,170.6
1274,1.56,12:32,164,170.6
1275,1.56,12:04,164,170.6
1276,1.56,12:11,163,171.3
1277,1.56,12:25,162,171.3
1278,1.57,12:32,163,171.3
1279,1.57,12:39,163,171.9
1280,1.57,12:53,162,171.3
1281,1.57,12:39,162,171.3
1282,1.57,12:25,161,171.3
1283,1.57,12:46,161,171.3
1284,1.57,14:07,161,171.3
1285,1.57,13:08,162,171.3
1286,1.58,13:01,161,171.3
1287,1.58,12:46,162,171.3
1288,1.58,11:52,161,171.3
1289,1.58,10:48,161,171.3
1290,1.58,11:27,161,171.3
1291,1.58,11:27,161,171.3
1292,1.58,11:58,161,171.3
1293,1.59,12:39,162,171.3
1294,1.59,13:08,162,171.3
1295,1.59,12:32,163,171.3
1296,1.59,12:11,164,170.6
1297,1.59,11:39,165,170.6
1298,1.59,11:39,166,170.6
1299,1.59,11:21,165,170.6
1300,1.6,11:39,164,170.6
1301,1.6,11:39,163,170.6
1302,1.6,11:39,163,171.3
1303,1.6,12:04,164,171.3
1304,1.6,12:46,165,171.3
1305,1.6,14:16,164,171.3
1306,1.6,16:21,164,171.9
1307,1.6,17:25,163,171.9
1308,1.61,16:45,163,172.6
1309,1.61,17:38,164,173.2
1310,1.61,16:21,163,173.2
1311,1.61,14:16,164,173.9
1312,1.61,13:58,163,173.9
1313,1.61,15:04,162,173.2
1314,1.61,14:25,161,173.2
1315,1.61,14:54,162,173.2
1316,1.61,15:14,163,173.2
1317,1.62,14:54,163,173.2
1318,1.62,13:49,162,173.2
1319,1.62,13:16,161,173.2
1320,1.62,12:32,161,173.2
1321,1.62,12:11,160,173.2
1322,1.62,11:52,160,173.9
1323,1.62,12:04,161,173.9
1324,1.62,12:46,161,173.9
1325,1.63,13:08,160,173.9
1326,1.63,13:41,162,173.9
1327,1.63,13:58,162,173.9
1328,1.63,13:41,162,173.9
1329,1.63,12:11,162,173.9
1330,1.63,11:45,161,173.9
1331,1.63,11:52,161,173.2
1332,1.63,12:25,161,173.2
1333,1.64,12:25,161,173.2
1334,1.64,14:07,162,173.9
1335,1.64,13:41,162,173.9
1336,1.64,13:24,164,173.9
1337,1.64,13:08,164,174.5
1338,1.64,13:41,164,174.5
1339,1.64,12:32,164,174.5
1340,1.65,12:32,164,174.5
1341,1.65,13:41,165,174.5
1342,1.65,14:07,167,174.5
1343,1.65,12:46,165,174.5
1344,1.65,13:32,166,174.5
1345,1.65,14:07,166,174.5
1346,1.65,12:53,167,174.5
1347,1.65,12:04,168,174.5
1348,1.66,13:01,166,174.5
1349,1.66,13:01,166,174.5
1350,1.66,12:25,166,174.5
1351,1.66,12:25,167,174.5
1352,1.66,13:01,167,175.2
1353,1.66,12:25,166,175.2
1354,1.66,11:58,165,175.2
1355,1.66,12:46,164,175.2
1356,1.67,13:24,165,175.2
1357,1.67,13:01,166,175.2
1358,1.67,13:49,165,175.2
1359,1.67,14:34,165,175.2
1360,1.67,14:16,165,175.2
1361,1.67,14:07,164,175.2
1362,1.67,15:46,164,175.9
1363,1.67,14:34,166,175.9
1364,1.68,13:58,168,175.9
1365,1.68,13:49,166,175.9
1366,1.68,13:16,166,175.9
1367,1.68,12:39,167,175.9
1368,1.68,12:53,167,175.9
1369,1.68,13:58,167,176.5
1370,1.68,13:49,166,176.5
1371,1.68,13:49,164,176.5
1372,1.69,13:16,165,175.9
1373,1.69,15:04,165,175.9
1374,1.69,14:07,166,175.9
1375,1.69,14:25,166,175.9
1376,1.69,15:14,165,176.5
1377,1.69,15:04,164,176.5
1378,1.69,13:32,164,177.2
1379,1.69,13:24,164,177.2
1380,1.69,13:41,164,177.2
1381,1.7,13:16,165,177.2
1382,1.7,13:24,166,177.2
1383,1.7,13:41,164,177.2
1384,1.7,13:32,163,177.2
1385,1.7,12:53,163,177.2
1386,1.7,13:41,163,177.2
1387,1.7,13:49,164,177.2
1388,1.7,13:16,164,177.2
1389,1.71,13:41,164,177.2
1390,1.71,14:25,163,177.2
1391,1.71,13:32,162,177.2
1392,1.71,13:24,162,177.2
1393,1.71,14:34,162,177.2
1394,1.71,14:34,163,177.2
1395,1.71,14:25,163,177.2
1396,1.71,15:04,162,177.2
1397,1.71,15:46,161,176.5
1398,1.72,15:04,161,177.2
1399,1.72,14:16,160,177.2
1400,1.72,14:54,161,177.8
1401,1.72,14:16,161,177.8
1402,1.72,13:01,160,178.5
1403,1.72,12:46,161,178.5
1404,1.72,13:24,161,179.1
1405,1.72,12:39,161,179.1
1406,1.73,12:53,161,179.1
1407,1.73,13:32,162,178.5
1408,1.73,14:25,162,178.5
1409,1.73,14:44,162,178.5
1410,1.73,15:24,161,178.5
1411,1.73,15:24,161,178.5
1412,1.73,16:21,160,178.5
1413,1.73,15:24,161,178.5
1414,1.73,13:58,161,178.5
1415,1.74,13:49,161,178.5
1416,1.74,14:07,161,178.5
1417,1.74,14:16,160,178.5
1418,1.74,14:44,158,178.5
1419,1.74,17:11,157,178.5
1420,1.74,17:52,158,178.5
1421,1.74,18:07,158,178.5
1422,1.74,18:22,158,178.5
1423,1.74,17:25,158,178.5
1424,1.75,14:34,159,178.5
1425,1.75,12:53,159,178.5
1426,1.75,11:33,159,178.5
1427,1.75,10:33,160,178.5
1428,1.75,10:23,159,178.5
1429,1.75,10:43,159,178.5
1430,1.75,11:39,158,178.5
1431,1.76,12:11,157,178.5
1432,1.76,13:08,157,177.8
1433,1.76,14:44,157,177.8
1434,1.76,15:46,157,177.8
1435,1.76,14:34,157,177.8
1436,1.76,14:25,156,177.8
1437,1.76,13:32,157,177.8
1438,1.76,11:45,157,177.8
1439,1.77,11:05,158,177.8
1440,1.77,11:16,158,177.8
1441,1.77,11:10,158,177.8
1442,1.77,11:05,158,177.8
1443,1.77,11:58,158,177.8
1444,1.77,12:18,158,177.8
1445,1.77,11:33,159,177.8
1446,1.78,11:52,159,177.2
1447,1.78,12:53,159,177.2
1448,1.78,12:25,160,177.2
1449,1.78,12:04,159,176.5
1450,1.78,13:08,159,176.5
1451,1.78,12:53,159,176.5
1452,1.78,11:45,158,176.5
1453,1.79,11:52,158,176.5
1454,1.79,12:18,159,176.5
1455,1.79,11:58,159,176.5
1456,1.79,12:11,159,177.2
1457,1.79,12:32,159,177.8
1458,1.79,12:46,158,178.5
1459,1.79,12:39,159,179.1
1460,1.79,13:08,160,179.1
1461,1.8,13:16,163,178.5
1462,1.8,13:58,165,177.8
1463,1.8,13:16,164,176.5
1464,1.8,13:08,164,175.9
1465,1.8,12:32,163,175.9
1466,1.8,12:25,161,175.2
1467,1.8,12:32,161,174.5
1468,1.8,13:41,162,174.5
1469,1.81,14:16,163,174.5
1470,1.81,14:34,163,173.9
1471,1.81,15:04,164,173.9
1472,1.81,15:04,162,173.2
1473,1.81,14:07,162,173.2
1474,1.81,13:49,162,173.9
1475,1.81,14:54,162,173.9
1476,1.81,14:16,163,174.5
1477,1.81,13:01,164,175.2
1478,1.82,13:24,163,175.9
1479,1.82,14:07,162,175.9
1480,1.82,12:53,162,175.9
1481,1.82,13:01,163,175.9
1482,1.82,13:08,163,175.9
1483,1.82,12:04,164,175.9
1484,1.82,11:21,163,175.9
1485,1.83,11:58,163,175.9
1486,1.83,12:11,163,175.2
1487,1.83,13:01,162,175.2
1488,1.83,14:07,163,175.2
1489,1.83,15:14,163,174.5
1490,1.83,15:35,163,174.5
1491,1.83,14:34,164,173.9
1492,1.83,14:16,165,173.9
1493,1.83,17:52,165,173.9
1494,1.84,13:32,163,173.9
1495,1.84,12:25,163,173.9
1496,1.84,13:08,163,174.5
1497,1.84,13:32,162,173.9
1498,1.84,11:39,162,173.9
1499,1.84,13:58,161,173.9
1500,1.84,16:09,161,173.9
1501,1.84,16:33,160,173.9
1502,1.85,15:04,160,173.9
1503,1.85,16:21,160,173.9
1504,1.85,17:11,160,173.9
1505,1.85,14:44,160,173.2
1506,1.85,14:25,160,173.2
1507,1.85,14:44,160,173.2
1508,1.85,13:16,159,173.2
1509,1.85,13:08,158,172.6
1510,1.85,14:44,159,172.6
1511,1.85,15:24,160,173.2
1512,1.86,15:24,161,173.2
1513,1.86,15:04,161,173.2
1514,1.86,14:54,160,173.2
1515,1.86,13:49,159,173.2
1516,1.86,13:16,159,173.2
1517,1.86,14:07,160,173.2
1518,1.86,14:25,160,173.2
1519,1.86,13:49,160,173.2
1520,1.87,14:25,160,173.2
1521,1.87,14:25,160,173.2
1522,1.87,13:49,158,173.2
1523,1.87,13:58,158,172.6
1524,1.87,14:34,158,172.6
1525,1.87,13:16,159,172.6
1526,1.87,12:32,159,172.6
1527,1.87,12:18,160,172.6
1528,1.88,11:39,160,172.6
1529,1.88,11:27,161,172.6
1530,1.88,11:39,160,171.9
1531,1.88,12:32,160,171.9
1532,1.88,13:41,160,171.9
1533,1.88,13:58,159,171.9
1534,1.88,12:25,159,171.3
1535,1.89,12:18,160,171.3
1536,1.89,11:33,162,171.3
1537,1.89,10:14,160,170.6
1538,1.89,10:23,160,170.6
1539,1.89,10:48,159,170.6
1540,1.89,10:48,160,170.6
1541,1.9,10:59,161,171.3
1542,1.9,11:27,161,171.3
1543,1.9,11:16,160,171.9
1544,1.9,11:58,160,171.9
1545,1.9,12:32,159,171.3
1546,1.9,13:24,159,171.3
1547,1.9,14:25,159,171.3
1548,1.9,15:14,159,171.3
1549,1.9,15:24,159,171.9
1550,1.91,14:44,159,171.9
1551,1.91,13:58,159,171.3
1552,1.91,13:58,160,171.3
1553,1.91,13:49,159,170.6
1554,1.91,13:49,158,169.9
1555,1.91,15:04,158,169.3
1556,1.91,15:24,158,169.3
1557,1.91,15:35,158,168.6
1558,1.91,15:14,159,168.6
1559,1.92,13:08,159,168.6
1560,1.92,13:01,159,169.3
1561,1.92,12:46,161,169.9
1562,1.92,11:45,160,169.9
1563,1.92,11:27,161,170.6
1564,1.92,13:01,161,170.6
1565,1.92,12:53,161,171.3
1566,1.93,13:08,162,171.3
1567,1.93,14:34,163,171.3
1568,1.93,15:57,163,171.3
1569,1.93,15:24,163,171.3
1570,1.93,14:44,162,170.6
1571,1.93,14:54,162,170.6
1572,1.93,14:34,162,170.6
1573,1.93,14:16,162,170.6
1574,1.93,14:34,163,170.6
1575,1.94,15:35,161,170.6
1576,1.94,15:14,161,171.3
1577,1.94,13:32,161,171.3
1578,1.94,13:41,162,171.3
1579,1.94,14:07,162,171.3
1580,1.94,14:16,162,171.3
1581,1.94,13:41,162,171.3
1582,1.94,14:44,162,171.9
1583,1.94,14:34,162,171.9
1584,1.95,14:07,162,171.9
1585,1.95,13:08,162,171.9
1586,1.95,13:32,162,172.6
1587,1.95,14:16,161,172.6
1588,1.95,13:16,161,172.6
1589,1.95,13:16,161,172.6
1590,1.95,13:49,161,171.9
1591,1.95,14:07,161,171.9
1592,1.96,13:32,161,171.3
1593,1.96,14:07,160,171.3
1594,1.96,14:16,160,171.3
1595,1.96,14:34,160,171.3
1596,1.96,14:34,161,171.3
1597,1.96,14:44,161,171.3
1598,1.96,15:14,161,171.3
1599,1.96,13:49,162,171.9
1600,1.97,12:18,161,171.9
1601,1.97,11:27,161,171.9
1602,1.97,10:48,160,171.3
1603,1.97,10:05,161,171.3
1604,1.97,10:28,160,171.3
1605,1.97,11:16,163,171.3
1606,1.97,11:58,163,171.9
1607,1.98,12:18,162,172.6
1608,1.98,13:32,162,172.6
1609,1.98,14:07,163,173.2
1610,1.98,13:49,163,173.2
1611,1.98,13:08,164,173.2
1612,1.98,13:24,164,173.2
1613,1.98,12:53,167,173.2
1614,1.98,13:01,167,173.2
1615,1.99,13:49,166,173.2
1616,1.99,14:54,164,173.2
1617,1.99,15:24,165,173.2
1618,1.99,15:04,165,173.2
1619,1.99,15:46,165,173.2
1620,1.99,14:16,164,173.2
1621,1.99,13:32,164,173.2
1622,1.99,13:16,163,173.2
1623,2.0,13:08,164,173.2
1624,2.0,12:18,163,173.2
1625,2.0,12:32,163,173.2
1626,2.0,12:32,164,173.2
1627,2.0,12:04,163,173.2
1628,2.0,12:11,163,173.2
1629,2.0,12:11,165,173.2
1630,2.0,12:46,165,173.2
1631,2.01,13:24,164,173.2
1632,2.01,13:58,164,173.2
1633,2.01,14:25,164,172.6
1634,2.01,15:04,164,172.6
1635,2.01,13:24,165,172.6
1636,2.01,13:01,165,172.6
1637,2.01,12:39,164,172.6
1638,2.01,13:16,164,172.6
1639,2.01,14:25,164,172.6
1640,2.02,17:25,164,172.6
1641,2.02,18:37,164,172.6
1642,2.02,19:43,162,172.6
1643,2.02,18:53,161,172.6
1644,2.02,16:58,161,172.6
1645,2.02,17:25,160,173.2
1646,2.02,18:07,159,172.6
1647,2.02,20:57,159,172.6
1648,2.02,23:07,159,172.6
1649,2.02,24:50,158,172.6
1650,2.02,22:43,157,172.6
1651,2.02,23:07,156,172.6
1652,2.03,19:43,156,172.6
1653,2.03,17:25,155,172.6
1654,2.03,17:38,155,172.6
1655,2.03,18:07,155,173.2
1656,2.03,17:38,154,173.2
1657,2.03,18:53,154,173.2
1658,2.03,19:09,153,173.2
1659,2.03,18:07,153,173.9
1660,2.03,16:33,153,174.5
1661,2.03,15:04,151,174.5
1662,2.04,15:04,150,175.2
1663,2.04,15:57,147,175.2
1664,2.04,16:33,146,174.5
1665,2.04,17:25,145,174.5
1666,2.04,20:19,146,174.5
1667,2.04,19:43,145,174.5
1668,2.04,19:09,145,174.5
1669,2.04,18:37,144,174.5
1670,2.04,18:22,144,174.5
1671,2.04,16:45,144,173.9
1672,2.04,17:52,144,173.9
1673,2.05,17:38,143,173.9
1674,2.05,17:52,142,173.9
1675,2.05,17:38,142,173.9
1676,2.05,17:38,141,173.9
1677,2.05,15:57,140,173.9
1678,2.05,16:33,140,174.5
1679,2.05,16:33,139,173.9
1680,2.05,17:38,139,173.9
1681,2.05,18:37,139,173.9
1682,2.05,17:11,138,173.9
1683,2.06,15:24,138,173.9
1684,2.06,14:44,140,173.9
1685,2.06,13:58,140,173.9
1686,2.06,13:24,139,173.9
1687,2.06,14:16,139,173.9
1688,2.06,14:07,140,173.9
1689,2.06,13:32,139,173.2
1690,2.06,13:08,140,173.2
1691,2.07,13:58,141,173.9
1692,2.07,13:58,141,173.9
1693,2.07,14:54,142,173.9
1694,2.07,15:46,142,173.9
1695,2.07,16:09,142,173.9
1696,2.07,14:44,142,173.9
1697,2.07,13:49,144,173.9
1698,2.07,14:16,144,173.2
1699,2.07,15:04,144,173.2
1700,2.08,15:04,145,173.2
1701,2.08,15:24,144,173.2
1702,2.08,17:25,143,173.2
1703,2.08,15:57,144,173.2
1704,2.08,15:14,144,173.2
1705,2.08,16:09,143,173.2
1706,2.08,16:58,143,173.2
1707,2.08,16:33,142,173.2
1708,2.08,18:07,141,173.2
1709,2.08,18:22,141,173.2
1710,2.09,17:38,141,173.2
1711,2.09,17:11,140,173.2
1712,2.09,17:38,141,173.2
1713,2.09,17:25,142,173.2
1714,2.09,16:45,142,173.2
1715,2.09,16:21,142,173.2
1716,2.09,16:45,142,173.9
1717,2.09,15:57,142,173.9
1718,2.09,15:46,142,174.5
1719,2.09,16:21,143,174.5
1720,2.1,17:38,144,174.5
1721,2.1,16:45,144,174.5
1722,2.1,16:58,144,174.5
1723,2.1,17:38,144,174.5
1724,2.1,17:25,144,175.2
1725,2.1,15:57,145,175.9
1726,2.1,16:33,145,175.9
1727,2.1,17:25,145,175.9
1728,2.1,17:38,145,175.9
1729,2.1,17:38,145,175.9
1730,2.1,18:53,145,175.9
1731,2.11,18:37,144,175.9
1732,2.11,17:25,146,175.9
1733,2.11,17:11,145,175.2
1734,2.11,17:25,145,175.2
1735,2.11,15:46,145,175.2
1736,2.11,14:44,144,175.2
1737,2.11,15:04,143,175.2
1738,2.11,14:16,142,175.2
1739,2.11,14:07,142,175.2
1740,2.12,15:46,143,175.2
1741,2.12,17:25,143,175.2
1742,2.12,17:38,142,175.2
1743,2.12,17:38,143,175.2
1744,2.12,17:52,143,175.2
1745,2.12,16:45,143,175.2
1746,2.12,16:33,143,175.2
1747,2.12,17:11,142,175.2
1748,2.12,18:37,141,175.2
1749,2.12,18:37,142,175.2
1750,2.12,18:22,142,175.9
1751,2.13,17:25,143,175.9
1752,2.13,16:33,143,175.9
1753,2.13,16:09,143,176.5
1754,2.13,16:09,143,176.5
1755,2.13,16:33,143,176.5
1756,2.13,16:09,142,177.2
1757,2.13,15:46,143,177.2
1758,2.13,15:35,142,177.2
1759,2.13,16:45,142,177.2
1760,2.13,16:58,143,177.2
1761,2.14,18:37,143,177.2
1762,2.14,19:43,142,177.8
1763,2.14,20:19,141,177.8
1764,2.14,18:53,141,177.8
1765,2.14,18:37,142,177.8
1766,2.14,17:38,143,178.5
1767,2.14,16:21,142,178.5
1768,2.14,15:14,142,178.5
1769,2.14,14:25,143,178.5
1770,2.15,14:07,143,178.5
1771,2.15,13:58,145,178.5
1772,2.15,14:25,146,178.5
1773,2.15,15:35,146,178.5
1774,2.15,16:09,148,178.5
1775,2.15,17:25,149,178.5
1776,2.15,17:52,150,178.5
1777,2.15,18:07,150,178.5
1778,2.15,17:38,150,178.5
1779,2.15,17:25,151,178.5
1780,2.15,16:45,152,178.5
1781,2.16,15:57,152,179.1
1782,2.16,15:24,152,179.1
1783,2.16,15:04,152,179.1
1784,2.16,14:34,152,179.1
1785,2.16,14:44,153,179.8
1786,2.16,15:24,153,179.8
1787,2.16,15:35,152,180.4
1788,2.16,16:09,152,181.1
1789,2.16,16:58,152,181.1
1790,2.17,17:11,152,181.8
1791,2.17,17:11,152,182.4
1792,2.17,16:33,152,183.1
1793,2.17,15:35,152,183.1
1794,2.17,15:57,152,183.1
1795,2.17,15:14,152,183.1
1796,2.17,14:34,152,183.7
1797,2.17,14:54,152,183.7
1798,2.17,15:04,153,184.4
1799,2.18,13:58,153,184.4
1800,2.18,13:58,152,184.4
1801,2.18,14:34,153,183.7
1802,2.18,14:16,154,183.7
1803,2.18,14:07,154,183.1
1804,2.18,14:54,154,183.1
1805,2.18,14:25,154,183.7
1806,2.18,13:49,155,184.4
1807,2.18,14:07,155,184.4
1808,2.19,16:21,155,185.0
1809,2.19,15:46,155,185.7
1810,2.19,17:11,156,186.4
1811,2.19,18:53,156,186.4
1812,2.19,20:01,156,185.7
1813,2.19,16:33,156,185.7
1814,2.19,17:38,156,185.0
1815,2.19,16:45,156,185.0
1816,2.19,15:24,156,185.0
1817,2.19,15:24,156,185.0
1818,2.2,17:52,155,185.0
1819,2.2,17:11,154,185.0
1820,2.2,15:04,154,184.4
1821,2.2,14:16,154,184.4
1822,2.2,13:58,153,184.4
1823,2.2,11:39,153,184.4
1824,2.2,11:21,153,184.4
1825,2.2,13:01,153,184.4
1826,2.21,14:16,153,184.4
1827,2.21,13:24,153,184.4
1828,2.21,14:44,152,184.4
1829,2.21,15:04,152,184.4
1830,2.21,14:16,151,184.4
1831,2.21,14:16,152,184.4
1832,2.21,15:24,152,184.4
1833,2.21,16:21,152,183.7
1834,2.21,15:57,153,183.7
1835,2.22,16:58,152,183.1
1836,2.22,16:58,152,183.1
1837,2.22,17:25,152,183.1
1838,2.22,16:33,152,182.4
1839,2.22,17:52,155,182.4
1840,2.22,18:37,155,181.8
1841,2.22,17:52,153,181.8
1842,2.22,16:45,151,181.8
1843,2.22,17:11,149,181.8
1844,2.22,16:45,149,181.8
1845,2.23,15:14,148,182.4
1846,2.23,15:24,148,183.1
1847,2.23,16:09,147,183.1
1848,2.23,16:09,145,183.1
1849,2.23,15:57,146,182.4
1850,2.23,16:33,147,182.4
1851,2.23,15:24,148,182.4
1852,2.23,14:44,148,182.4
1853,2.23,14:34,147,183.1
1854,2.23,15:14,146,183.1
1855,2.24,14:16,145,183.1
1856,2.24,14:54,143,183.1
1857,2.24,15:46,143,183.1
1858,2.24,15:57,141,183.1
1859,2.24,14:34,141,183.1
1860,2.24,15:46,141,182.4
1861,2.24,17:11,144,181.8
1862,2.24,16:21,144,181.1
1863,2.24,16:09,142,181.1
1864,2.25,17:11,142,180.4
1865,2.25,16:09,143,180.4
1866,2.25,14:54,143,181.1
1867,2.25,13:49,143,181.1
1868,2.25,13:58,143,180.4
1869,2.25,14:07,142,180.4
1870,2.25,15:14,141,179.8
1871,2.25,16:21,140,179.1
1872,2.25,18:53,140,178.5
